"","X","xy","rsgo","shp","rsg","tif","scen","scenario","lcc_unic_rip","lcc_unic_tif","lcc_unic_log","lcc_cola_log","lcc_unic_out","lcc_cola_out","lcc_unic_cmd","lcc_cola_cmd","crk_unic_rip","crk_unic_tif","crk_unic_log","crk_cola_log","crk_unic_out","crk_cola_out","crk_unic_cmd","crk_cola_cmd","mat_unic_rip","mat_unic_tif","mat_unic_log","mat_cola_log","mat_unic_out","mat_cola_out","mat_unic_cmd","mat_cola_cmd","timeCOLAlcc","timeUNIClcc","timeCOLAcrk","timeUNICcrk","timeCOLAmat","timeUNICmat","ramCOLAlcc","ramUNIClcc","ramCOLAcrk","ramUNICcrk","ramCOLAmat","ramUNICmat"
"1",1,"sabah_10.xy","size1_side3px_10totpix.rsg","sabah_10.shp","size1.rsg","size1.tif","A","scenarioA","lcc_scenarioA.rip","size1lcc.rsg","logUNIC_lcc_scenarioA.txt","logCOLA_lcc_scenarioA.txt","size1lcc_sabah_10","out_lcc_scenarioA.tif","taskset --cpu-list 6 /usr/bin/time -v /home/shiny/anaconda3/envs/cdujlab/bin/python UNICOR.py lcc_scenarioA.rip &> /home/shiny/data/logUNIC_lcc_scenarioA.txt","taskset --cpu-list 6 /usr/bin/time -v /home/shiny/anaconda3/envs/cdujlab/bin/python /home/shiny/connecting-landscapes/src/lcc.py /home/shiny/data/sabah_10.shp /home/shiny/data/size1.tif /home/shiny/data/out_lcc_scenarioA.tif 100000 2 100 1 &> /home/shiny/data/logCOLA_lcc_scenarioA.txt","crk_scenarioA.rip","size1crk.rsg","logUNIC_crk_scenarioA.txt","logCOLA_crk_scenarioA.txt","size1crk_sabah_10","out_crk_scenarioA.tif","taskset --cpu-list 6 /usr/bin/time -v /home/shiny/anaconda3/envs/cdujlab/bin/python UNICOR.py crk_scenarioA.rip &> /home/shiny/data/logUNIC_crk_scenarioA.txt","taskset --cpu-list 6 /usr/bin/time -v /home/shiny/anaconda3/envs/cdujlab/bin/python /home/shiny/connecting-landscapes/src/crk.py /home/shiny/data/sabah_10.shp /home/shiny/data/size1.tif /home/shiny/data/out_crk_scenarioA.tif 1000000 linear 10000 1 &> /home/shiny/data/logCOLA_crk_scenarioA.txt","mat_scenarioA.rip","size1mat.rsg","logUNIC_mat_scenarioA.txt","logCOLA_mat_scenarioA.txt","size1mat_sabah_10","out_mat_scenarioA.csv","taskset --cpu-list 6 /usr/bin/time -v /home/shiny/anaconda3/envs/cdujlab/bin/python UNICOR.py mat_scenarioA.rip &> /home/shiny/data/logUNIC_mat_scenarioA.txt","taskset --cpu-list 6 /usr/bin/time -v /home/shiny/anaconda3/envs/cdujlab/bin/python /home/shiny/connecting-landscapes/src/create_cdmat.py /home/shiny/data/sabah_10.shp /home/shiny/data/size1.tif /home/shiny/data/out_mat_scenarioA.csv 100000 1 &> /home/shiny/data/logCOLA_mat_scenarioA.txt"," 0.90"," 0.58"," 0.92"," 0.62"," 1.10"," 0.71",204356,84576,200852,84716,199172,83936
"2",2,"sabah_100.xy","size1_side3px_10totpix.rsg","sabah_100.shp","size1.rsg","size1.tif","B","scenarioB","lcc_scenarioB.rip","size1lcc.rsg","logUNIC_lcc_scenarioB.txt","logCOLA_lcc_scenarioB.txt","size1lcc_sabah_100","out_lcc_scenarioB.tif","taskset --cpu-list 6 /usr/bin/time -v /home/shiny/anaconda3/envs/cdujlab/bin/python UNICOR.py lcc_scenarioB.rip &> /home/shiny/data/logUNIC_lcc_scenarioB.txt","taskset --cpu-list 6 /usr/bin/time -v /home/shiny/anaconda3/envs/cdujlab/bin/python /home/shiny/connecting-landscapes/src/lcc.py /home/shiny/data/sabah_100.shp /home/shiny/data/size1.tif /home/shiny/data/out_lcc_scenarioB.tif 100000 2 100 1 &> /home/shiny/data/logCOLA_lcc_scenarioB.txt","crk_scenarioB.rip","size1crk.rsg","logUNIC_crk_scenarioB.txt","logCOLA_crk_scenarioB.txt","size1crk_sabah_100","out_crk_scenarioB.tif","taskset --cpu-list 6 /usr/bin/time -v /home/shiny/anaconda3/envs/cdujlab/bin/python UNICOR.py crk_scenarioB.rip &> /home/shiny/data/logUNIC_crk_scenarioB.txt","taskset --cpu-list 6 /usr/bin/time -v /home/shiny/anaconda3/envs/cdujlab/bin/python /home/shiny/connecting-landscapes/src/crk.py /home/shiny/data/sabah_100.shp /home/shiny/data/size1.tif /home/shiny/data/out_crk_scenarioB.tif 1000000 linear 10000 1 &> /home/shiny/data/logCOLA_crk_scenarioB.txt","mat_scenarioB.rip","size1mat.rsg","logUNIC_mat_scenarioB.txt","logCOLA_mat_scenarioB.txt","size1mat_sabah_100","out_mat_scenarioB.csv","taskset --cpu-list 6 /usr/bin/time -v /home/shiny/anaconda3/envs/cdujlab/bin/python UNICOR.py mat_scenarioB.rip &> /home/shiny/data/logUNIC_mat_scenarioB.txt","taskset --cpu-list 6 /usr/bin/time -v /home/shiny/anaconda3/envs/cdujlab/bin/python /home/shiny/connecting-landscapes/src/create_cdmat.py /home/shiny/data/sabah_100.shp /home/shiny/data/size1.tif /home/shiny/data/out_mat_scenarioB.csv 100000 1 &> /home/shiny/data/logCOLA_mat_scenarioB.txt"," 0.98"," 0.56"," 1.12"," 0.57"," 0.89"," 0.55",204304,84524,200504,84372,199532,84760
"3",3,"sabah_20.xy","size1_side3px_10totpix.rsg","sabah_20.shp","size1.rsg","size1.tif","C","scenarioC","lcc_scenarioC.rip","size1lcc.rsg","logUNIC_lcc_scenarioC.txt","logCOLA_lcc_scenarioC.txt","size1lcc_sabah_20","out_lcc_scenarioC.tif","taskset --cpu-list 6 /usr/bin/time -v /home/shiny/anaconda3/envs/cdujlab/bin/python UNICOR.py lcc_scenarioC.rip &> /home/shiny/data/logUNIC_lcc_scenarioC.txt","taskset --cpu-list 6 /usr/bin/time -v /home/shiny/anaconda3/envs/cdujlab/bin/python /home/shiny/connecting-landscapes/src/lcc.py /home/shiny/data/sabah_20.shp /home/shiny/data/size1.tif /home/shiny/data/out_lcc_scenarioC.tif 100000 2 100 1 &> /home/shiny/data/logCOLA_lcc_scenarioC.txt","crk_scenarioC.rip","size1crk.rsg","logUNIC_crk_scenarioC.txt","logCOLA_crk_scenarioC.txt","size1crk_sabah_20","out_crk_scenarioC.tif","taskset --cpu-list 6 /usr/bin/time -v /home/shiny/anaconda3/envs/cdujlab/bin/python UNICOR.py crk_scenarioC.rip &> /home/shiny/data/logUNIC_crk_scenarioC.txt","taskset --cpu-list 6 /usr/bin/time -v /home/shiny/anaconda3/envs/cdujlab/bin/python /home/shiny/connecting-landscapes/src/crk.py /home/shiny/data/sabah_20.shp /home/shiny/data/size1.tif /home/shiny/data/out_crk_scenarioC.tif 1000000 linear 10000 1 &> /home/shiny/data/logCOLA_crk_scenarioC.txt","mat_scenarioC.rip","size1mat.rsg","logUNIC_mat_scenarioC.txt","logCOLA_mat_scenarioC.txt","size1mat_sabah_20","out_mat_scenarioC.csv","taskset --cpu-list 6 /usr/bin/time -v /home/shiny/anaconda3/envs/cdujlab/bin/python UNICOR.py mat_scenarioC.rip &> /home/shiny/data/logUNIC_mat_scenarioC.txt","taskset --cpu-list 6 /usr/bin/time -v /home/shiny/anaconda3/envs/cdujlab/bin/python /home/shiny/connecting-landscapes/src/create_cdmat.py /home/shiny/data/sabah_20.shp /home/shiny/data/size1.tif /home/shiny/data/out_mat_scenarioC.csv 100000 1 &> /home/shiny/data/logCOLA_mat_scenarioC.txt"," 0.90"," 0.63"," 1.00"," 0.52"," 0.84"," 0.51",204108,84704,200680,84576,200200,84588
"4",4,"sabah_200.xy","size1_side3px_10totpix.rsg","sabah_200.shp","size1.rsg","size1.tif","D","scenarioD","lcc_scenarioD.rip","size1lcc.rsg","logUNIC_lcc_scenarioD.txt","logCOLA_lcc_scenarioD.txt","size1lcc_sabah_200","out_lcc_scenarioD.tif","taskset --cpu-list 6 /usr/bin/time -v /home/shiny/anaconda3/envs/cdujlab/bin/python UNICOR.py lcc_scenarioD.rip &> /home/shiny/data/logUNIC_lcc_scenarioD.txt","taskset --cpu-list 6 /usr/bin/time -v /home/shiny/anaconda3/envs/cdujlab/bin/python /home/shiny/connecting-landscapes/src/lcc.py /home/shiny/data/sabah_200.shp /home/shiny/data/size1.tif /home/shiny/data/out_lcc_scenarioD.tif 100000 2 100 1 &> /home/shiny/data/logCOLA_lcc_scenarioD.txt","crk_scenarioD.rip","size1crk.rsg","logUNIC_crk_scenarioD.txt","logCOLA_crk_scenarioD.txt","size1crk_sabah_200","out_crk_scenarioD.tif","taskset --cpu-list 6 /usr/bin/time -v /home/shiny/anaconda3/envs/cdujlab/bin/python UNICOR.py crk_scenarioD.rip &> /home/shiny/data/logUNIC_crk_scenarioD.txt","taskset --cpu-list 6 /usr/bin/time -v /home/shiny/anaconda3/envs/cdujlab/bin/python /home/shiny/connecting-landscapes/src/crk.py /home/shiny/data/sabah_200.shp /home/shiny/data/size1.tif /home/shiny/data/out_crk_scenarioD.tif 1000000 linear 10000 1 &> /home/shiny/data/logCOLA_crk_scenarioD.txt","mat_scenarioD.rip","size1mat.rsg","logUNIC_mat_scenarioD.txt","logCOLA_mat_scenarioD.txt","size1mat_sabah_200","out_mat_scenarioD.csv","taskset --cpu-list 6 /usr/bin/time -v /home/shiny/anaconda3/envs/cdujlab/bin/python UNICOR.py mat_scenarioD.rip &> /home/shiny/data/logUNIC_mat_scenarioD.txt","taskset --cpu-list 6 /usr/bin/time -v /home/shiny/anaconda3/envs/cdujlab/bin/python /home/shiny/connecting-landscapes/src/create_cdmat.py /home/shiny/data/sabah_200.shp /home/shiny/data/size1.tif /home/shiny/data/out_mat_scenarioD.csv 100000 1 &> /home/shiny/data/logCOLA_mat_scenarioD.txt"," 1.03"," 0.64"," 1.00"," 0.58"," 1.11"," 0.60",205420,84800,200780,84808,204952,85352
"5",5,"sabah_50.xy","size1_side3px_10totpix.rsg","sabah_50.shp","size1.rsg","size1.tif","E","scenarioE","lcc_scenarioE.rip","size1lcc.rsg","logUNIC_lcc_scenarioE.txt","logCOLA_lcc_scenarioE.txt","size1lcc_sabah_50","out_lcc_scenarioE.tif","taskset --cpu-list 6 /usr/bin/time -v /home/shiny/anaconda3/envs/cdujlab/bin/python UNICOR.py lcc_scenarioE.rip &> /home/shiny/data/logUNIC_lcc_scenarioE.txt","taskset --cpu-list 6 /usr/bin/time -v /home/shiny/anaconda3/envs/cdujlab/bin/python /home/shiny/connecting-landscapes/src/lcc.py /home/shiny/data/sabah_50.shp /home/shiny/data/size1.tif /home/shiny/data/out_lcc_scenarioE.tif 100000 2 100 1 &> /home/shiny/data/logCOLA_lcc_scenarioE.txt","crk_scenarioE.rip","size1crk.rsg","logUNIC_crk_scenarioE.txt","logCOLA_crk_scenarioE.txt","size1crk_sabah_50","out_crk_scenarioE.tif","taskset --cpu-list 6 /usr/bin/time -v /home/shiny/anaconda3/envs/cdujlab/bin/python UNICOR.py crk_scenarioE.rip &> /home/shiny/data/logUNIC_crk_scenarioE.txt","taskset --cpu-list 6 /usr/bin/time -v /home/shiny/anaconda3/envs/cdujlab/bin/python /home/shiny/connecting-landscapes/src/crk.py /home/shiny/data/sabah_50.shp /home/shiny/data/size1.tif /home/shiny/data/out_crk_scenarioE.tif 1000000 linear 10000 1 &> /home/shiny/data/logCOLA_crk_scenarioE.txt","mat_scenarioE.rip","size1mat.rsg","logUNIC_mat_scenarioE.txt","logCOLA_mat_scenarioE.txt","size1mat_sabah_50","out_mat_scenarioE.csv","taskset --cpu-list 6 /usr/bin/time -v /home/shiny/anaconda3/envs/cdujlab/bin/python UNICOR.py mat_scenarioE.rip &> /home/shiny/data/logUNIC_mat_scenarioE.txt","taskset --cpu-list 6 /usr/bin/time -v /home/shiny/anaconda3/envs/cdujlab/bin/python /home/shiny/connecting-landscapes/src/create_cdmat.py /home/shiny/data/sabah_50.shp /home/shiny/data/size1.tif /home/shiny/data/out_mat_scenarioE.csv 100000 1 &> /home/shiny/data/logCOLA_mat_scenarioE.txt"," 0.90"," 0.55"," 0.99"," 0.48"," 0.89"," 0.52",204248,84592,200828,84464,199952,84604
"6",6,"sabah_500.xy","size1_side3px_10totpix.rsg","sabah_500.shp","size1.rsg","size1.tif","F","scenarioF","lcc_scenarioF.rip","size1lcc.rsg","logUNIC_lcc_scenarioF.txt","logCOLA_lcc_scenarioF.txt","size1lcc_sabah_500","out_lcc_scenarioF.tif","taskset --cpu-list 6 /usr/bin/time -v /home/shiny/anaconda3/envs/cdujlab/bin/python UNICOR.py lcc_scenarioF.rip &> /home/shiny/data/logUNIC_lcc_scenarioF.txt","taskset --cpu-list 6 /usr/bin/time -v /home/shiny/anaconda3/envs/cdujlab/bin/python /home/shiny/connecting-landscapes/src/lcc.py /home/shiny/data/sabah_500.shp /home/shiny/data/size1.tif /home/shiny/data/out_lcc_scenarioF.tif 100000 2 100 1 &> /home/shiny/data/logCOLA_lcc_scenarioF.txt","crk_scenarioF.rip","size1crk.rsg","logUNIC_crk_scenarioF.txt","logCOLA_crk_scenarioF.txt","size1crk_sabah_500","out_crk_scenarioF.tif","taskset --cpu-list 6 /usr/bin/time -v /home/shiny/anaconda3/envs/cdujlab/bin/python UNICOR.py crk_scenarioF.rip &> /home/shiny/data/logUNIC_crk_scenarioF.txt","taskset --cpu-list 6 /usr/bin/time -v /home/shiny/anaconda3/envs/cdujlab/bin/python /home/shiny/connecting-landscapes/src/crk.py /home/shiny/data/sabah_500.shp /home/shiny/data/size1.tif /home/shiny/data/out_crk_scenarioF.tif 1000000 linear 10000 1 &> /home/shiny/data/logCOLA_crk_scenarioF.txt","mat_scenarioF.rip","size1mat.rsg","logUNIC_mat_scenarioF.txt","logCOLA_mat_scenarioF.txt","size1mat_sabah_500","out_mat_scenarioF.csv","taskset --cpu-list 6 /usr/bin/time -v /home/shiny/anaconda3/envs/cdujlab/bin/python UNICOR.py mat_scenarioF.rip &> /home/shiny/data/logUNIC_mat_scenarioF.txt","taskset --cpu-list 6 /usr/bin/time -v /home/shiny/anaconda3/envs/cdujlab/bin/python /home/shiny/connecting-landscapes/src/create_cdmat.py /home/shiny/data/sabah_500.shp /home/shiny/data/size1.tif /home/shiny/data/out_mat_scenarioF.csv 100000 1 &> /home/shiny/data/logCOLA_mat_scenarioF.txt"," 1.56"," 1.08"," 1.03"," 1.11"," 1.09"," 1.36",216316,84868,201000,85856,220324,86980
"7",7,"sabah_10.xy","size2_side10px_100totpix.rsg","sabah_10.shp","size2.rsg","size2.tif","G","scenarioG","lcc_scenarioG.rip","size2lcc.rsg","logUNIC_lcc_scenarioG.txt","logCOLA_lcc_scenarioG.txt","size2lcc_sabah_10","out_lcc_scenarioG.tif","taskset --cpu-list 6 /usr/bin/time -v /home/shiny/anaconda3/envs/cdujlab/bin/python UNICOR.py lcc_scenarioG.rip &> /home/shiny/data/logUNIC_lcc_scenarioG.txt","taskset --cpu-list 6 /usr/bin/time -v /home/shiny/anaconda3/envs/cdujlab/bin/python /home/shiny/connecting-landscapes/src/lcc.py /home/shiny/data/sabah_10.shp /home/shiny/data/size2.tif /home/shiny/data/out_lcc_scenarioG.tif 100000 2 100 1 &> /home/shiny/data/logCOLA_lcc_scenarioG.txt","crk_scenarioG.rip","size2crk.rsg","logUNIC_crk_scenarioG.txt","logCOLA_crk_scenarioG.txt","size2crk_sabah_10","out_crk_scenarioG.tif","taskset --cpu-list 6 /usr/bin/time -v /home/shiny/anaconda3/envs/cdujlab/bin/python UNICOR.py crk_scenarioG.rip &> /home/shiny/data/logUNIC_crk_scenarioG.txt","taskset --cpu-list 6 /usr/bin/time -v /home/shiny/anaconda3/envs/cdujlab/bin/python /home/shiny/connecting-landscapes/src/crk.py /home/shiny/data/sabah_10.shp /home/shiny/data/size2.tif /home/shiny/data/out_crk_scenarioG.tif 1000000 linear 10000 1 &> /home/shiny/data/logCOLA_crk_scenarioG.txt","mat_scenarioG.rip","size2mat.rsg","logUNIC_mat_scenarioG.txt","logCOLA_mat_scenarioG.txt","size2mat_sabah_10","out_mat_scenarioG.csv","taskset --cpu-list 6 /usr/bin/time -v /home/shiny/anaconda3/envs/cdujlab/bin/python UNICOR.py mat_scenarioG.rip &> /home/shiny/data/logUNIC_mat_scenarioG.txt","taskset --cpu-list 6 /usr/bin/time -v /home/shiny/anaconda3/envs/cdujlab/bin/python /home/shiny/connecting-landscapes/src/create_cdmat.py /home/shiny/data/sabah_10.shp /home/shiny/data/size2.tif /home/shiny/data/out_mat_scenarioG.csv 100000 1 &> /home/shiny/data/logCOLA_mat_scenarioG.txt"," 1.04"," 0.54"," 1.08"," 0.47"," 0.88"," 0.53",203996,84440,201020,84580,199832,84572
"8",8,"sabah_100.xy","size2_side10px_100totpix.rsg","sabah_100.shp","size2.rsg","size2.tif","H","scenarioH","lcc_scenarioH.rip","size2lcc.rsg","logUNIC_lcc_scenarioH.txt","logCOLA_lcc_scenarioH.txt","size2lcc_sabah_100","out_lcc_scenarioH.tif","taskset --cpu-list 6 /usr/bin/time -v /home/shiny/anaconda3/envs/cdujlab/bin/python UNICOR.py lcc_scenarioH.rip &> /home/shiny/data/logUNIC_lcc_scenarioH.txt","taskset --cpu-list 6 /usr/bin/time -v /home/shiny/anaconda3/envs/cdujlab/bin/python /home/shiny/connecting-landscapes/src/lcc.py /home/shiny/data/sabah_100.shp /home/shiny/data/size2.tif /home/shiny/data/out_lcc_scenarioH.tif 100000 2 100 1 &> /home/shiny/data/logCOLA_lcc_scenarioH.txt","crk_scenarioH.rip","size2crk.rsg","logUNIC_crk_scenarioH.txt","logCOLA_crk_scenarioH.txt","size2crk_sabah_100","out_crk_scenarioH.tif","taskset --cpu-list 6 /usr/bin/time -v /home/shiny/anaconda3/envs/cdujlab/bin/python UNICOR.py crk_scenarioH.rip &> /home/shiny/data/logUNIC_crk_scenarioH.txt","taskset --cpu-list 6 /usr/bin/time -v /home/shiny/anaconda3/envs/cdujlab/bin/python /home/shiny/connecting-landscapes/src/crk.py /home/shiny/data/sabah_100.shp /home/shiny/data/size2.tif /home/shiny/data/out_crk_scenarioH.tif 1000000 linear 10000 1 &> /home/shiny/data/logCOLA_crk_scenarioH.txt","mat_scenarioH.rip","size2mat.rsg","logUNIC_mat_scenarioH.txt","logCOLA_mat_scenarioH.txt","size2mat_sabah_100","out_mat_scenarioH.csv","taskset --cpu-list 6 /usr/bin/time -v /home/shiny/anaconda3/envs/cdujlab/bin/python UNICOR.py mat_scenarioH.rip &> /home/shiny/data/logUNIC_mat_scenarioH.txt","taskset --cpu-list 6 /usr/bin/time -v /home/shiny/anaconda3/envs/cdujlab/bin/python /home/shiny/connecting-landscapes/src/create_cdmat.py /home/shiny/data/sabah_100.shp /home/shiny/data/size2.tif /home/shiny/data/out_mat_scenarioH.csv 100000 1 &> /home/shiny/data/logCOLA_mat_scenarioH.txt"," 1.22"," 0.52"," 0.88"," 0.68"," 1.05"," 0.55",203340,84552,200720,84544,198980,84928
"9",9,"sabah_20.xy","size2_side10px_100totpix.rsg","sabah_20.shp","size2.rsg","size2.tif","I","scenarioI","lcc_scenarioI.rip","size2lcc.rsg","logUNIC_lcc_scenarioI.txt","logCOLA_lcc_scenarioI.txt","size2lcc_sabah_20","out_lcc_scenarioI.tif","taskset --cpu-list 6 /usr/bin/time -v /home/shiny/anaconda3/envs/cdujlab/bin/python UNICOR.py lcc_scenarioI.rip &> /home/shiny/data/logUNIC_lcc_scenarioI.txt","taskset --cpu-list 6 /usr/bin/time -v /home/shiny/anaconda3/envs/cdujlab/bin/python /home/shiny/connecting-landscapes/src/lcc.py /home/shiny/data/sabah_20.shp /home/shiny/data/size2.tif /home/shiny/data/out_lcc_scenarioI.tif 100000 2 100 1 &> /home/shiny/data/logCOLA_lcc_scenarioI.txt","crk_scenarioI.rip","size2crk.rsg","logUNIC_crk_scenarioI.txt","logCOLA_crk_scenarioI.txt","size2crk_sabah_20","out_crk_scenarioI.tif","taskset --cpu-list 6 /usr/bin/time -v /home/shiny/anaconda3/envs/cdujlab/bin/python UNICOR.py crk_scenarioI.rip &> /home/shiny/data/logUNIC_crk_scenarioI.txt","taskset --cpu-list 6 /usr/bin/time -v /home/shiny/anaconda3/envs/cdujlab/bin/python /home/shiny/connecting-landscapes/src/crk.py /home/shiny/data/sabah_20.shp /home/shiny/data/size2.tif /home/shiny/data/out_crk_scenarioI.tif 1000000 linear 10000 1 &> /home/shiny/data/logCOLA_crk_scenarioI.txt","mat_scenarioI.rip","size2mat.rsg","logUNIC_mat_scenarioI.txt","logCOLA_mat_scenarioI.txt","size2mat_sabah_20","out_mat_scenarioI.csv","taskset --cpu-list 6 /usr/bin/time -v /home/shiny/anaconda3/envs/cdujlab/bin/python UNICOR.py mat_scenarioI.rip &> /home/shiny/data/logUNIC_mat_scenarioI.txt","taskset --cpu-list 6 /usr/bin/time -v /home/shiny/anaconda3/envs/cdujlab/bin/python /home/shiny/connecting-landscapes/src/create_cdmat.py /home/shiny/data/sabah_20.shp /home/shiny/data/size2.tif /home/shiny/data/out_mat_scenarioI.csv 100000 1 &> /home/shiny/data/logCOLA_mat_scenarioI.txt"," 0.95"," 0.52"," 1.00"," 0.71"," 0.87"," 0.48",204304,84316,200640,84444,199864,84576
"10",10,"sabah_200.xy","size2_side10px_100totpix.rsg","sabah_200.shp","size2.rsg","size2.tif","J","scenarioJ","lcc_scenarioJ.rip","size2lcc.rsg","logUNIC_lcc_scenarioJ.txt","logCOLA_lcc_scenarioJ.txt","size2lcc_sabah_200","out_lcc_scenarioJ.tif","taskset --cpu-list 6 /usr/bin/time -v /home/shiny/anaconda3/envs/cdujlab/bin/python UNICOR.py lcc_scenarioJ.rip &> /home/shiny/data/logUNIC_lcc_scenarioJ.txt","taskset --cpu-list 6 /usr/bin/time -v /home/shiny/anaconda3/envs/cdujlab/bin/python /home/shiny/connecting-landscapes/src/lcc.py /home/shiny/data/sabah_200.shp /home/shiny/data/size2.tif /home/shiny/data/out_lcc_scenarioJ.tif 100000 2 100 1 &> /home/shiny/data/logCOLA_lcc_scenarioJ.txt","crk_scenarioJ.rip","size2crk.rsg","logUNIC_crk_scenarioJ.txt","logCOLA_crk_scenarioJ.txt","size2crk_sabah_200","out_crk_scenarioJ.tif","taskset --cpu-list 6 /usr/bin/time -v /home/shiny/anaconda3/envs/cdujlab/bin/python UNICOR.py crk_scenarioJ.rip &> /home/shiny/data/logUNIC_crk_scenarioJ.txt","taskset --cpu-list 6 /usr/bin/time -v /home/shiny/anaconda3/envs/cdujlab/bin/python /home/shiny/connecting-landscapes/src/crk.py /home/shiny/data/sabah_200.shp /home/shiny/data/size2.tif /home/shiny/data/out_crk_scenarioJ.tif 1000000 linear 10000 1 &> /home/shiny/data/logCOLA_crk_scenarioJ.txt","mat_scenarioJ.rip","size2mat.rsg","logUNIC_mat_scenarioJ.txt","logCOLA_mat_scenarioJ.txt","size2mat_sabah_200","out_mat_scenarioJ.csv","taskset --cpu-list 6 /usr/bin/time -v /home/shiny/anaconda3/envs/cdujlab/bin/python UNICOR.py mat_scenarioJ.rip &> /home/shiny/data/logUNIC_mat_scenarioJ.txt","taskset --cpu-list 6 /usr/bin/time -v /home/shiny/anaconda3/envs/cdujlab/bin/python /home/shiny/connecting-landscapes/src/create_cdmat.py /home/shiny/data/sabah_200.shp /home/shiny/data/size2.tif /home/shiny/data/out_mat_scenarioJ.csv 100000 1 &> /home/shiny/data/logCOLA_mat_scenarioJ.txt"," 0.99"," 0.60"," 0.91"," 0.81"," 1.01"," 0.69",204564,85088,201052,84904,204604,85732
"11",11,"sabah_50.xy","size2_side10px_100totpix.rsg","sabah_50.shp","size2.rsg","size2.tif","K","scenarioK","lcc_scenarioK.rip","size2lcc.rsg","logUNIC_lcc_scenarioK.txt","logCOLA_lcc_scenarioK.txt","size2lcc_sabah_50","out_lcc_scenarioK.tif","taskset --cpu-list 6 /usr/bin/time -v /home/shiny/anaconda3/envs/cdujlab/bin/python UNICOR.py lcc_scenarioK.rip &> /home/shiny/data/logUNIC_lcc_scenarioK.txt","taskset --cpu-list 6 /usr/bin/time -v /home/shiny/anaconda3/envs/cdujlab/bin/python /home/shiny/connecting-landscapes/src/lcc.py /home/shiny/data/sabah_50.shp /home/shiny/data/size2.tif /home/shiny/data/out_lcc_scenarioK.tif 100000 2 100 1 &> /home/shiny/data/logCOLA_lcc_scenarioK.txt","crk_scenarioK.rip","size2crk.rsg","logUNIC_crk_scenarioK.txt","logCOLA_crk_scenarioK.txt","size2crk_sabah_50","out_crk_scenarioK.tif","taskset --cpu-list 6 /usr/bin/time -v /home/shiny/anaconda3/envs/cdujlab/bin/python UNICOR.py crk_scenarioK.rip &> /home/shiny/data/logUNIC_crk_scenarioK.txt","taskset --cpu-list 6 /usr/bin/time -v /home/shiny/anaconda3/envs/cdujlab/bin/python /home/shiny/connecting-landscapes/src/crk.py /home/shiny/data/sabah_50.shp /home/shiny/data/size2.tif /home/shiny/data/out_crk_scenarioK.tif 1000000 linear 10000 1 &> /home/shiny/data/logCOLA_crk_scenarioK.txt","mat_scenarioK.rip","size2mat.rsg","logUNIC_mat_scenarioK.txt","logCOLA_mat_scenarioK.txt","size2mat_sabah_50","out_mat_scenarioK.csv","taskset --cpu-list 6 /usr/bin/time -v /home/shiny/anaconda3/envs/cdujlab/bin/python UNICOR.py mat_scenarioK.rip &> /home/shiny/data/logUNIC_mat_scenarioK.txt","taskset --cpu-list 6 /usr/bin/time -v /home/shiny/anaconda3/envs/cdujlab/bin/python /home/shiny/connecting-landscapes/src/create_cdmat.py /home/shiny/data/sabah_50.shp /home/shiny/data/size2.tif /home/shiny/data/out_mat_scenarioK.csv 100000 1 &> /home/shiny/data/logCOLA_mat_scenarioK.txt"," 0.90"," 0.51"," 0.86"," 0.62"," 0.89"," 0.54",204372,84496,200572,84580,200256,84648
"12",12,"sabah_500.xy","size2_side10px_100totpix.rsg","sabah_500.shp","size2.rsg","size2.tif","L","scenarioL","lcc_scenarioL.rip","size2lcc.rsg","logUNIC_lcc_scenarioL.txt","logCOLA_lcc_scenarioL.txt","size2lcc_sabah_500","out_lcc_scenarioL.tif","taskset --cpu-list 6 /usr/bin/time -v /home/shiny/anaconda3/envs/cdujlab/bin/python UNICOR.py lcc_scenarioL.rip &> /home/shiny/data/logUNIC_lcc_scenarioL.txt","taskset --cpu-list 6 /usr/bin/time -v /home/shiny/anaconda3/envs/cdujlab/bin/python /home/shiny/connecting-landscapes/src/lcc.py /home/shiny/data/sabah_500.shp /home/shiny/data/size2.tif /home/shiny/data/out_lcc_scenarioL.tif 100000 2 100 1 &> /home/shiny/data/logCOLA_lcc_scenarioL.txt","crk_scenarioL.rip","size2crk.rsg","logUNIC_crk_scenarioL.txt","logCOLA_crk_scenarioL.txt","size2crk_sabah_500","out_crk_scenarioL.tif","taskset --cpu-list 6 /usr/bin/time -v /home/shiny/anaconda3/envs/cdujlab/bin/python UNICOR.py crk_scenarioL.rip &> /home/shiny/data/logUNIC_crk_scenarioL.txt","taskset --cpu-list 6 /usr/bin/time -v /home/shiny/anaconda3/envs/cdujlab/bin/python /home/shiny/connecting-landscapes/src/crk.py /home/shiny/data/sabah_500.shp /home/shiny/data/size2.tif /home/shiny/data/out_crk_scenarioL.tif 1000000 linear 10000 1 &> /home/shiny/data/logCOLA_crk_scenarioL.txt","mat_scenarioL.rip","size2mat.rsg","logUNIC_mat_scenarioL.txt","logCOLA_mat_scenarioL.txt","size2mat_sabah_500","out_mat_scenarioL.csv","taskset --cpu-list 6 /usr/bin/time -v /home/shiny/anaconda3/envs/cdujlab/bin/python UNICOR.py mat_scenarioL.rip &> /home/shiny/data/logUNIC_mat_scenarioL.txt","taskset --cpu-list 6 /usr/bin/time -v /home/shiny/anaconda3/envs/cdujlab/bin/python /home/shiny/connecting-landscapes/src/create_cdmat.py /home/shiny/data/sabah_500.shp /home/shiny/data/size2.tif /home/shiny/data/out_mat_scenarioL.csv 100000 1 &> /home/shiny/data/logCOLA_mat_scenarioL.txt"," 1.30"," 1.03"," 1.00"," 1.40"," 1.12"," 1.29",212604,86256,201812,86004,220768,87752
"13",13,"sabah_10.xy","size3_side31px_1000totpix.rsg","sabah_10.shp","size3.rsg","size3.tif","M","scenarioM","lcc_scenarioM.rip","size3lcc.rsg","logUNIC_lcc_scenarioM.txt","logCOLA_lcc_scenarioM.txt","size3lcc_sabah_10","out_lcc_scenarioM.tif","taskset --cpu-list 6 /usr/bin/time -v /home/shiny/anaconda3/envs/cdujlab/bin/python UNICOR.py lcc_scenarioM.rip &> /home/shiny/data/logUNIC_lcc_scenarioM.txt","taskset --cpu-list 6 /usr/bin/time -v /home/shiny/anaconda3/envs/cdujlab/bin/python /home/shiny/connecting-landscapes/src/lcc.py /home/shiny/data/sabah_10.shp /home/shiny/data/size3.tif /home/shiny/data/out_lcc_scenarioM.tif 100000 2 100 1 &> /home/shiny/data/logCOLA_lcc_scenarioM.txt","crk_scenarioM.rip","size3crk.rsg","logUNIC_crk_scenarioM.txt","logCOLA_crk_scenarioM.txt","size3crk_sabah_10","out_crk_scenarioM.tif","taskset --cpu-list 6 /usr/bin/time -v /home/shiny/anaconda3/envs/cdujlab/bin/python UNICOR.py crk_scenarioM.rip &> /home/shiny/data/logUNIC_crk_scenarioM.txt","taskset --cpu-list 6 /usr/bin/time -v /home/shiny/anaconda3/envs/cdujlab/bin/python /home/shiny/connecting-landscapes/src/crk.py /home/shiny/data/sabah_10.shp /home/shiny/data/size3.tif /home/shiny/data/out_crk_scenarioM.tif 1000000 linear 10000 1 &> /home/shiny/data/logCOLA_crk_scenarioM.txt","mat_scenarioM.rip","size3mat.rsg","logUNIC_mat_scenarioM.txt","logCOLA_mat_scenarioM.txt","size3mat_sabah_10","out_mat_scenarioM.csv","taskset --cpu-list 6 /usr/bin/time -v /home/shiny/anaconda3/envs/cdujlab/bin/python UNICOR.py mat_scenarioM.rip &> /home/shiny/data/logUNIC_mat_scenarioM.txt","taskset --cpu-list 6 /usr/bin/time -v /home/shiny/anaconda3/envs/cdujlab/bin/python /home/shiny/connecting-landscapes/src/create_cdmat.py /home/shiny/data/sabah_10.shp /home/shiny/data/size3.tif /home/shiny/data/out_mat_scenarioM.csv 100000 1 &> /home/shiny/data/logCOLA_mat_scenarioM.txt"," 1.25"," 0.55"," 1.18"," 0.74"," 1.05"," 0.54",205184,85344,201720,85404,201276,85068
"14",14,"sabah_100.xy","size3_side31px_1000totpix.rsg","sabah_100.shp","size3.rsg","size3.tif","N","scenarioN","lcc_scenarioN.rip","size3lcc.rsg","logUNIC_lcc_scenarioN.txt","logCOLA_lcc_scenarioN.txt","size3lcc_sabah_100","out_lcc_scenarioN.tif","taskset --cpu-list 6 /usr/bin/time -v /home/shiny/anaconda3/envs/cdujlab/bin/python UNICOR.py lcc_scenarioN.rip &> /home/shiny/data/logUNIC_lcc_scenarioN.txt","taskset --cpu-list 6 /usr/bin/time -v /home/shiny/anaconda3/envs/cdujlab/bin/python /home/shiny/connecting-landscapes/src/lcc.py /home/shiny/data/sabah_100.shp /home/shiny/data/size3.tif /home/shiny/data/out_lcc_scenarioN.tif 100000 2 100 1 &> /home/shiny/data/logCOLA_lcc_scenarioN.txt","crk_scenarioN.rip","size3crk.rsg","logUNIC_crk_scenarioN.txt","logCOLA_crk_scenarioN.txt","size3crk_sabah_100","out_crk_scenarioN.tif","taskset --cpu-list 6 /usr/bin/time -v /home/shiny/anaconda3/envs/cdujlab/bin/python UNICOR.py crk_scenarioN.rip &> /home/shiny/data/logUNIC_crk_scenarioN.txt","taskset --cpu-list 6 /usr/bin/time -v /home/shiny/anaconda3/envs/cdujlab/bin/python /home/shiny/connecting-landscapes/src/crk.py /home/shiny/data/sabah_100.shp /home/shiny/data/size3.tif /home/shiny/data/out_crk_scenarioN.tif 1000000 linear 10000 1 &> /home/shiny/data/logCOLA_crk_scenarioN.txt","mat_scenarioN.rip","size3mat.rsg","logUNIC_mat_scenarioN.txt","logCOLA_mat_scenarioN.txt","size3mat_sabah_100","out_mat_scenarioN.csv","taskset --cpu-list 6 /usr/bin/time -v /home/shiny/anaconda3/envs/cdujlab/bin/python UNICOR.py mat_scenarioN.rip &> /home/shiny/data/logUNIC_mat_scenarioN.txt","taskset --cpu-list 6 /usr/bin/time -v /home/shiny/anaconda3/envs/cdujlab/bin/python /home/shiny/connecting-landscapes/src/create_cdmat.py /home/shiny/data/sabah_100.shp /home/shiny/data/size3.tif /home/shiny/data/out_mat_scenarioN.csv 100000 1 &> /home/shiny/data/logCOLA_mat_scenarioN.txt"," 1.12"," 0.65"," 1.09"," 3.27"," 1.09"," 0.60",205976,85608,201492,85468,202328,85496
"15",15,"sabah_20.xy","size3_side31px_1000totpix.rsg","sabah_20.shp","size3.rsg","size3.tif","O","scenarioO","lcc_scenarioO.rip","size3lcc.rsg","logUNIC_lcc_scenarioO.txt","logCOLA_lcc_scenarioO.txt","size3lcc_sabah_20","out_lcc_scenarioO.tif","taskset --cpu-list 6 /usr/bin/time -v /home/shiny/anaconda3/envs/cdujlab/bin/python UNICOR.py lcc_scenarioO.rip &> /home/shiny/data/logUNIC_lcc_scenarioO.txt","taskset --cpu-list 6 /usr/bin/time -v /home/shiny/anaconda3/envs/cdujlab/bin/python /home/shiny/connecting-landscapes/src/lcc.py /home/shiny/data/sabah_20.shp /home/shiny/data/size3.tif /home/shiny/data/out_lcc_scenarioO.tif 100000 2 100 1 &> /home/shiny/data/logCOLA_lcc_scenarioO.txt","crk_scenarioO.rip","size3crk.rsg","logUNIC_crk_scenarioO.txt","logCOLA_crk_scenarioO.txt","size3crk_sabah_20","out_crk_scenarioO.tif","taskset --cpu-list 6 /usr/bin/time -v /home/shiny/anaconda3/envs/cdujlab/bin/python UNICOR.py crk_scenarioO.rip &> /home/shiny/data/logUNIC_crk_scenarioO.txt","taskset --cpu-list 6 /usr/bin/time -v /home/shiny/anaconda3/envs/cdujlab/bin/python /home/shiny/connecting-landscapes/src/crk.py /home/shiny/data/sabah_20.shp /home/shiny/data/size3.tif /home/shiny/data/out_crk_scenarioO.tif 1000000 linear 10000 1 &> /home/shiny/data/logCOLA_crk_scenarioO.txt","mat_scenarioO.rip","size3mat.rsg","logUNIC_mat_scenarioO.txt","logCOLA_mat_scenarioO.txt","size3mat_sabah_20","out_mat_scenarioO.csv","taskset --cpu-list 6 /usr/bin/time -v /home/shiny/anaconda3/envs/cdujlab/bin/python UNICOR.py mat_scenarioO.rip &> /home/shiny/data/logUNIC_mat_scenarioO.txt","taskset --cpu-list 6 /usr/bin/time -v /home/shiny/anaconda3/envs/cdujlab/bin/python /home/shiny/connecting-landscapes/src/create_cdmat.py /home/shiny/data/sabah_20.shp /home/shiny/data/size3.tif /home/shiny/data/out_mat_scenarioO.csv 100000 1 &> /home/shiny/data/logCOLA_mat_scenarioO.txt"," 1.08"," 0.61"," 1.07"," 1.09"," 1.06"," 0.57",205096,85208,202916,85316,202156,84832
"16",16,"sabah_200.xy","size3_side31px_1000totpix.rsg","sabah_200.shp","size3.rsg","size3.tif","P","scenarioP","lcc_scenarioP.rip","size3lcc.rsg","logUNIC_lcc_scenarioP.txt","logCOLA_lcc_scenarioP.txt","size3lcc_sabah_200","out_lcc_scenarioP.tif","taskset --cpu-list 6 /usr/bin/time -v /home/shiny/anaconda3/envs/cdujlab/bin/python UNICOR.py lcc_scenarioP.rip &> /home/shiny/data/logUNIC_lcc_scenarioP.txt","taskset --cpu-list 6 /usr/bin/time -v /home/shiny/anaconda3/envs/cdujlab/bin/python /home/shiny/connecting-landscapes/src/lcc.py /home/shiny/data/sabah_200.shp /home/shiny/data/size3.tif /home/shiny/data/out_lcc_scenarioP.tif 100000 2 100 1 &> /home/shiny/data/logCOLA_lcc_scenarioP.txt","crk_scenarioP.rip","size3crk.rsg","logUNIC_crk_scenarioP.txt","logCOLA_crk_scenarioP.txt","size3crk_sabah_200","out_crk_scenarioP.tif","taskset --cpu-list 6 /usr/bin/time -v /home/shiny/anaconda3/envs/cdujlab/bin/python UNICOR.py crk_scenarioP.rip &> /home/shiny/data/logUNIC_crk_scenarioP.txt","taskset --cpu-list 6 /usr/bin/time -v /home/shiny/anaconda3/envs/cdujlab/bin/python /home/shiny/connecting-landscapes/src/crk.py /home/shiny/data/sabah_200.shp /home/shiny/data/size3.tif /home/shiny/data/out_crk_scenarioP.tif 1000000 linear 10000 1 &> /home/shiny/data/logCOLA_crk_scenarioP.txt","mat_scenarioP.rip","size3mat.rsg","logUNIC_mat_scenarioP.txt","logCOLA_mat_scenarioP.txt","size3mat_sabah_200","out_mat_scenarioP.csv","taskset --cpu-list 6 /usr/bin/time -v /home/shiny/anaconda3/envs/cdujlab/bin/python UNICOR.py mat_scenarioP.rip &> /home/shiny/data/logUNIC_mat_scenarioP.txt","taskset --cpu-list 6 /usr/bin/time -v /home/shiny/anaconda3/envs/cdujlab/bin/python /home/shiny/connecting-landscapes/src/create_cdmat.py /home/shiny/data/sabah_200.shp /home/shiny/data/size3.tif /home/shiny/data/out_mat_scenarioP.csv 100000 1 &> /home/shiny/data/logCOLA_mat_scenarioP.txt"," 1.14"," 0.66"," 1.12"," 5.14"," 1.14"," 0.76",206416,85836,202868,85636,206740,86264
"17",17,"sabah_50.xy","size3_side31px_1000totpix.rsg","sabah_50.shp","size3.rsg","size3.tif","Q","scenarioQ","lcc_scenarioQ.rip","size3lcc.rsg","logUNIC_lcc_scenarioQ.txt","logCOLA_lcc_scenarioQ.txt","size3lcc_sabah_50","out_lcc_scenarioQ.tif","taskset --cpu-list 6 /usr/bin/time -v /home/shiny/anaconda3/envs/cdujlab/bin/python UNICOR.py lcc_scenarioQ.rip &> /home/shiny/data/logUNIC_lcc_scenarioQ.txt","taskset --cpu-list 6 /usr/bin/time -v /home/shiny/anaconda3/envs/cdujlab/bin/python /home/shiny/connecting-landscapes/src/lcc.py /home/shiny/data/sabah_50.shp /home/shiny/data/size3.tif /home/shiny/data/out_lcc_scenarioQ.tif 100000 2 100 1 &> /home/shiny/data/logCOLA_lcc_scenarioQ.txt","crk_scenarioQ.rip","size3crk.rsg","logUNIC_crk_scenarioQ.txt","logCOLA_crk_scenarioQ.txt","size3crk_sabah_50","out_crk_scenarioQ.tif","taskset --cpu-list 6 /usr/bin/time -v /home/shiny/anaconda3/envs/cdujlab/bin/python UNICOR.py crk_scenarioQ.rip &> /home/shiny/data/logUNIC_crk_scenarioQ.txt","taskset --cpu-list 6 /usr/bin/time -v /home/shiny/anaconda3/envs/cdujlab/bin/python /home/shiny/connecting-landscapes/src/crk.py /home/shiny/data/sabah_50.shp /home/shiny/data/size3.tif /home/shiny/data/out_crk_scenarioQ.tif 1000000 linear 10000 1 &> /home/shiny/data/logCOLA_crk_scenarioQ.txt","mat_scenarioQ.rip","size3mat.rsg","logUNIC_mat_scenarioQ.txt","logCOLA_mat_scenarioQ.txt","size3mat_sabah_50","out_mat_scenarioQ.csv","taskset --cpu-list 6 /usr/bin/time -v /home/shiny/anaconda3/envs/cdujlab/bin/python UNICOR.py mat_scenarioQ.rip &> /home/shiny/data/logUNIC_mat_scenarioQ.txt","taskset --cpu-list 6 /usr/bin/time -v /home/shiny/anaconda3/envs/cdujlab/bin/python /home/shiny/connecting-landscapes/src/create_cdmat.py /home/shiny/data/sabah_50.shp /home/shiny/data/size3.tif /home/shiny/data/out_mat_scenarioQ.csv 100000 1 &> /home/shiny/data/logCOLA_mat_scenarioQ.txt"," 1.10"," 0.54"," 1.05"," 1.66"," 1.05"," 0.60",206508,85244,203340,85340,201968,85044
"18",18,"sabah_500.xy","size3_side31px_1000totpix.rsg","sabah_500.shp","size3.rsg","size3.tif","R","scenarioR","lcc_scenarioR.rip","size3lcc.rsg","logUNIC_lcc_scenarioR.txt","logCOLA_lcc_scenarioR.txt","size3lcc_sabah_500","out_lcc_scenarioR.tif","taskset --cpu-list 6 /usr/bin/time -v /home/shiny/anaconda3/envs/cdujlab/bin/python UNICOR.py lcc_scenarioR.rip &> /home/shiny/data/logUNIC_lcc_scenarioR.txt","taskset --cpu-list 6 /usr/bin/time -v /home/shiny/anaconda3/envs/cdujlab/bin/python /home/shiny/connecting-landscapes/src/lcc.py /home/shiny/data/sabah_500.shp /home/shiny/data/size3.tif /home/shiny/data/out_lcc_scenarioR.tif 100000 2 100 1 &> /home/shiny/data/logCOLA_lcc_scenarioR.txt","crk_scenarioR.rip","size3crk.rsg","logUNIC_crk_scenarioR.txt","logCOLA_crk_scenarioR.txt","size3crk_sabah_500","out_crk_scenarioR.tif","taskset --cpu-list 6 /usr/bin/time -v /home/shiny/anaconda3/envs/cdujlab/bin/python UNICOR.py crk_scenarioR.rip &> /home/shiny/data/logUNIC_crk_scenarioR.txt","taskset --cpu-list 6 /usr/bin/time -v /home/shiny/anaconda3/envs/cdujlab/bin/python /home/shiny/connecting-landscapes/src/crk.py /home/shiny/data/sabah_500.shp /home/shiny/data/size3.tif /home/shiny/data/out_crk_scenarioR.tif 1000000 linear 10000 1 &> /home/shiny/data/logCOLA_crk_scenarioR.txt","mat_scenarioR.rip","size3mat.rsg","logUNIC_mat_scenarioR.txt","logCOLA_mat_scenarioR.txt","size3mat_sabah_500","out_mat_scenarioR.csv","taskset --cpu-list 6 /usr/bin/time -v /home/shiny/anaconda3/envs/cdujlab/bin/python UNICOR.py mat_scenarioR.rip &> /home/shiny/data/logUNIC_mat_scenarioR.txt","taskset --cpu-list 6 /usr/bin/time -v /home/shiny/anaconda3/envs/cdujlab/bin/python /home/shiny/connecting-landscapes/src/create_cdmat.py /home/shiny/data/sabah_500.shp /home/shiny/data/size3.tif /home/shiny/data/out_mat_scenarioR.csv 100000 1 &> /home/shiny/data/logCOLA_mat_scenarioR.txt"," 1.35"," 1.29"," 1.20"," 13.87"," 1.34"," 1.77",216968,91476,209012,87080,222224,93136
"19",19,"sabah_10.xy","size4_side100px_10000totpix.rsg","sabah_10.shp","size4.rsg","size4.tif","S","scenarioS","lcc_scenarioS.rip","size4lcc.rsg","logUNIC_lcc_scenarioS.txt","logCOLA_lcc_scenarioS.txt","size4lcc_sabah_10","out_lcc_scenarioS.tif","taskset --cpu-list 6 /usr/bin/time -v /home/shiny/anaconda3/envs/cdujlab/bin/python UNICOR.py lcc_scenarioS.rip &> /home/shiny/data/logUNIC_lcc_scenarioS.txt","taskset --cpu-list 6 /usr/bin/time -v /home/shiny/anaconda3/envs/cdujlab/bin/python /home/shiny/connecting-landscapes/src/lcc.py /home/shiny/data/sabah_10.shp /home/shiny/data/size4.tif /home/shiny/data/out_lcc_scenarioS.tif 100000 2 100 1 &> /home/shiny/data/logCOLA_lcc_scenarioS.txt","crk_scenarioS.rip","size4crk.rsg","logUNIC_crk_scenarioS.txt","logCOLA_crk_scenarioS.txt","size4crk_sabah_10","out_crk_scenarioS.tif","taskset --cpu-list 6 /usr/bin/time -v /home/shiny/anaconda3/envs/cdujlab/bin/python UNICOR.py crk_scenarioS.rip &> /home/shiny/data/logUNIC_crk_scenarioS.txt","taskset --cpu-list 6 /usr/bin/time -v /home/shiny/anaconda3/envs/cdujlab/bin/python /home/shiny/connecting-landscapes/src/crk.py /home/shiny/data/sabah_10.shp /home/shiny/data/size4.tif /home/shiny/data/out_crk_scenarioS.tif 1000000 linear 10000 1 &> /home/shiny/data/logCOLA_crk_scenarioS.txt","mat_scenarioS.rip","size4mat.rsg","logUNIC_mat_scenarioS.txt","logCOLA_mat_scenarioS.txt","size4mat_sabah_10","out_mat_scenarioS.csv","taskset --cpu-list 6 /usr/bin/time -v /home/shiny/anaconda3/envs/cdujlab/bin/python UNICOR.py mat_scenarioS.rip &> /home/shiny/data/logUNIC_mat_scenarioS.txt","taskset --cpu-list 6 /usr/bin/time -v /home/shiny/anaconda3/envs/cdujlab/bin/python /home/shiny/connecting-landscapes/src/create_cdmat.py /home/shiny/data/sabah_10.shp /home/shiny/data/size4.tif /home/shiny/data/out_mat_scenarioS.csv 100000 1 &> /home/shiny/data/logCOLA_mat_scenarioS.txt"," 2.30"," 0.88"," 2.29"," 2.58"," 2.21"," 0.88",229456,88520,225740,89040,225136,88016
"20",20,"sabah_100.xy","size4_side100px_10000totpix.rsg","sabah_100.shp","size4.rsg","size4.tif","T","scenarioT","lcc_scenarioT.rip","size4lcc.rsg","logUNIC_lcc_scenarioT.txt","logCOLA_lcc_scenarioT.txt","size4lcc_sabah_100","out_lcc_scenarioT.tif","taskset --cpu-list 6 /usr/bin/time -v /home/shiny/anaconda3/envs/cdujlab/bin/python UNICOR.py lcc_scenarioT.rip &> /home/shiny/data/logUNIC_lcc_scenarioT.txt","taskset --cpu-list 6 /usr/bin/time -v /home/shiny/anaconda3/envs/cdujlab/bin/python /home/shiny/connecting-landscapes/src/lcc.py /home/shiny/data/sabah_100.shp /home/shiny/data/size4.tif /home/shiny/data/out_lcc_scenarioT.tif 100000 2 100 1 &> /home/shiny/data/logCOLA_lcc_scenarioT.txt","crk_scenarioT.rip","size4crk.rsg","logUNIC_crk_scenarioT.txt","logCOLA_crk_scenarioT.txt","size4crk_sabah_100","out_crk_scenarioT.tif","taskset --cpu-list 6 /usr/bin/time -v /home/shiny/anaconda3/envs/cdujlab/bin/python UNICOR.py crk_scenarioT.rip &> /home/shiny/data/logUNIC_crk_scenarioT.txt","taskset --cpu-list 6 /usr/bin/time -v /home/shiny/anaconda3/envs/cdujlab/bin/python /home/shiny/connecting-landscapes/src/crk.py /home/shiny/data/sabah_100.shp /home/shiny/data/size4.tif /home/shiny/data/out_crk_scenarioT.tif 1000000 linear 10000 1 &> /home/shiny/data/logCOLA_crk_scenarioT.txt","mat_scenarioT.rip","size4mat.rsg","logUNIC_mat_scenarioT.txt","logCOLA_mat_scenarioT.txt","size4mat_sabah_100","out_mat_scenarioT.csv","taskset --cpu-list 6 /usr/bin/time -v /home/shiny/anaconda3/envs/cdujlab/bin/python UNICOR.py mat_scenarioT.rip &> /home/shiny/data/logUNIC_mat_scenarioT.txt","taskset --cpu-list 6 /usr/bin/time -v /home/shiny/anaconda3/envs/cdujlab/bin/python /home/shiny/connecting-landscapes/src/create_cdmat.py /home/shiny/data/sabah_100.shp /home/shiny/data/size4.tif /home/shiny/data/out_mat_scenarioT.csv 100000 1 &> /home/shiny/data/logCOLA_mat_scenarioT.txt"," 2.39"," 1.42"," 2.49"," 21.43"," 2.34"," 1.48",236332,89284,241032,89292,226320,88788
"21",21,"sabah_20.xy","size4_side100px_10000totpix.rsg","sabah_20.shp","size4.rsg","size4.tif","U","scenarioU","lcc_scenarioU.rip","size4lcc.rsg","logUNIC_lcc_scenarioU.txt","logCOLA_lcc_scenarioU.txt","size4lcc_sabah_20","out_lcc_scenarioU.tif","taskset --cpu-list 6 /usr/bin/time -v /home/shiny/anaconda3/envs/cdujlab/bin/python UNICOR.py lcc_scenarioU.rip &> /home/shiny/data/logUNIC_lcc_scenarioU.txt","taskset --cpu-list 6 /usr/bin/time -v /home/shiny/anaconda3/envs/cdujlab/bin/python /home/shiny/connecting-landscapes/src/lcc.py /home/shiny/data/sabah_20.shp /home/shiny/data/size4.tif /home/shiny/data/out_lcc_scenarioU.tif 100000 2 100 1 &> /home/shiny/data/logCOLA_lcc_scenarioU.txt","crk_scenarioU.rip","size4crk.rsg","logUNIC_crk_scenarioU.txt","logCOLA_crk_scenarioU.txt","size4crk_sabah_20","out_crk_scenarioU.tif","taskset --cpu-list 6 /usr/bin/time -v /home/shiny/anaconda3/envs/cdujlab/bin/python UNICOR.py crk_scenarioU.rip &> /home/shiny/data/logUNIC_crk_scenarioU.txt","taskset --cpu-list 6 /usr/bin/time -v /home/shiny/anaconda3/envs/cdujlab/bin/python /home/shiny/connecting-landscapes/src/crk.py /home/shiny/data/sabah_20.shp /home/shiny/data/size4.tif /home/shiny/data/out_crk_scenarioU.tif 1000000 linear 10000 1 &> /home/shiny/data/logCOLA_crk_scenarioU.txt","mat_scenarioU.rip","size4mat.rsg","logUNIC_mat_scenarioU.txt","logCOLA_mat_scenarioU.txt","size4mat_sabah_20","out_mat_scenarioU.csv","taskset --cpu-list 6 /usr/bin/time -v /home/shiny/anaconda3/envs/cdujlab/bin/python UNICOR.py mat_scenarioU.rip &> /home/shiny/data/logUNIC_mat_scenarioU.txt","taskset --cpu-list 6 /usr/bin/time -v /home/shiny/anaconda3/envs/cdujlab/bin/python /home/shiny/connecting-landscapes/src/create_cdmat.py /home/shiny/data/sabah_20.shp /home/shiny/data/size4.tif /home/shiny/data/out_mat_scenarioU.csv 100000 1 &> /home/shiny/data/logCOLA_mat_scenarioU.txt"," 2.46"," 0.98"," 2.43"," 5.22"," 2.31"," 1.00",229336,88520,227036,89160,225540,88148
"22",22,"sabah_200.xy","size4_side100px_10000totpix.rsg","sabah_200.shp","size4.rsg","size4.tif","V","scenarioV","lcc_scenarioV.rip","size4lcc.rsg","logUNIC_lcc_scenarioV.txt","logCOLA_lcc_scenarioV.txt","size4lcc_sabah_200","out_lcc_scenarioV.tif","taskset --cpu-list 6 /usr/bin/time -v /home/shiny/anaconda3/envs/cdujlab/bin/python UNICOR.py lcc_scenarioV.rip &> /home/shiny/data/logUNIC_lcc_scenarioV.txt","taskset --cpu-list 6 /usr/bin/time -v /home/shiny/anaconda3/envs/cdujlab/bin/python /home/shiny/connecting-landscapes/src/lcc.py /home/shiny/data/sabah_200.shp /home/shiny/data/size4.tif /home/shiny/data/out_lcc_scenarioV.tif 100000 2 100 1 &> /home/shiny/data/logCOLA_lcc_scenarioV.txt","crk_scenarioV.rip","size4crk.rsg","logUNIC_crk_scenarioV.txt","logCOLA_crk_scenarioV.txt","size4crk_sabah_200","out_crk_scenarioV.tif","taskset --cpu-list 6 /usr/bin/time -v /home/shiny/anaconda3/envs/cdujlab/bin/python UNICOR.py crk_scenarioV.rip &> /home/shiny/data/logUNIC_crk_scenarioV.txt","taskset --cpu-list 6 /usr/bin/time -v /home/shiny/anaconda3/envs/cdujlab/bin/python /home/shiny/connecting-landscapes/src/crk.py /home/shiny/data/sabah_200.shp /home/shiny/data/size4.tif /home/shiny/data/out_crk_scenarioV.tif 1000000 linear 10000 1 &> /home/shiny/data/logCOLA_crk_scenarioV.txt","mat_scenarioV.rip","size4mat.rsg","logUNIC_mat_scenarioV.txt","logCOLA_mat_scenarioV.txt","size4mat_sabah_200","out_mat_scenarioV.csv","taskset --cpu-list 6 /usr/bin/time -v /home/shiny/anaconda3/envs/cdujlab/bin/python UNICOR.py mat_scenarioV.rip &> /home/shiny/data/logUNIC_mat_scenarioV.txt","taskset --cpu-list 6 /usr/bin/time -v /home/shiny/anaconda3/envs/cdujlab/bin/python /home/shiny/connecting-landscapes/src/create_cdmat.py /home/shiny/data/sabah_200.shp /home/shiny/data/size4.tif /home/shiny/data/out_mat_scenarioV.csv 100000 1 &> /home/shiny/data/logCOLA_mat_scenarioV.txt"," 2.80"," 1.93"," 3.00"," 39.72"," 2.48"," 1.95",245256,90192,258164,89400,230324,89800
"23",23,"sabah_50.xy","size4_side100px_10000totpix.rsg","sabah_50.shp","size4.rsg","size4.tif","W","scenarioW","lcc_scenarioW.rip","size4lcc.rsg","logUNIC_lcc_scenarioW.txt","logCOLA_lcc_scenarioW.txt","size4lcc_sabah_50","out_lcc_scenarioW.tif","taskset --cpu-list 6 /usr/bin/time -v /home/shiny/anaconda3/envs/cdujlab/bin/python UNICOR.py lcc_scenarioW.rip &> /home/shiny/data/logUNIC_lcc_scenarioW.txt","taskset --cpu-list 6 /usr/bin/time -v /home/shiny/anaconda3/envs/cdujlab/bin/python /home/shiny/connecting-landscapes/src/lcc.py /home/shiny/data/sabah_50.shp /home/shiny/data/size4.tif /home/shiny/data/out_lcc_scenarioW.tif 100000 2 100 1 &> /home/shiny/data/logCOLA_lcc_scenarioW.txt","crk_scenarioW.rip","size4crk.rsg","logUNIC_crk_scenarioW.txt","logCOLA_crk_scenarioW.txt","size4crk_sabah_50","out_crk_scenarioW.tif","taskset --cpu-list 6 /usr/bin/time -v /home/shiny/anaconda3/envs/cdujlab/bin/python UNICOR.py crk_scenarioW.rip &> /home/shiny/data/logUNIC_crk_scenarioW.txt","taskset --cpu-list 6 /usr/bin/time -v /home/shiny/anaconda3/envs/cdujlab/bin/python /home/shiny/connecting-landscapes/src/crk.py /home/shiny/data/sabah_50.shp /home/shiny/data/size4.tif /home/shiny/data/out_crk_scenarioW.tif 1000000 linear 10000 1 &> /home/shiny/data/logCOLA_crk_scenarioW.txt","mat_scenarioW.rip","size4mat.rsg","logUNIC_mat_scenarioW.txt","logCOLA_mat_scenarioW.txt","size4mat_sabah_50","out_mat_scenarioW.csv","taskset --cpu-list 6 /usr/bin/time -v /home/shiny/anaconda3/envs/cdujlab/bin/python UNICOR.py mat_scenarioW.rip &> /home/shiny/data/logUNIC_mat_scenarioW.txt","taskset --cpu-list 6 /usr/bin/time -v /home/shiny/anaconda3/envs/cdujlab/bin/python /home/shiny/connecting-landscapes/src/create_cdmat.py /home/shiny/data/sabah_50.shp /home/shiny/data/size4.tif /home/shiny/data/out_mat_scenarioW.csv 100000 1 &> /home/shiny/data/logCOLA_mat_scenarioW.txt"," 2.37"," 1.15"," 2.49"," 9.92"," 2.30"," 1.07",231776,88648,232304,89032,225288,88396
"24",24,"sabah_500.xy","size4_side100px_10000totpix.rsg","sabah_500.shp","size4.rsg","size4.tif","X","scenarioX","lcc_scenarioX.rip","size4lcc.rsg","logUNIC_lcc_scenarioX.txt","logCOLA_lcc_scenarioX.txt","size4lcc_sabah_500","out_lcc_scenarioX.tif","taskset --cpu-list 6 /usr/bin/time -v /home/shiny/anaconda3/envs/cdujlab/bin/python UNICOR.py lcc_scenarioX.rip &> /home/shiny/data/logUNIC_lcc_scenarioX.txt","taskset --cpu-list 6 /usr/bin/time -v /home/shiny/anaconda3/envs/cdujlab/bin/python /home/shiny/connecting-landscapes/src/lcc.py /home/shiny/data/sabah_500.shp /home/shiny/data/size4.tif /home/shiny/data/out_lcc_scenarioX.tif 100000 2 100 1 &> /home/shiny/data/logCOLA_lcc_scenarioX.txt","crk_scenarioX.rip","size4crk.rsg","logUNIC_crk_scenarioX.txt","logCOLA_crk_scenarioX.txt","size4crk_sabah_500","out_crk_scenarioX.tif","taskset --cpu-list 6 /usr/bin/time -v /home/shiny/anaconda3/envs/cdujlab/bin/python UNICOR.py crk_scenarioX.rip &> /home/shiny/data/logUNIC_crk_scenarioX.txt","taskset --cpu-list 6 /usr/bin/time -v /home/shiny/anaconda3/envs/cdujlab/bin/python /home/shiny/connecting-landscapes/src/crk.py /home/shiny/data/sabah_500.shp /home/shiny/data/size4.tif /home/shiny/data/out_crk_scenarioX.tif 1000000 linear 10000 1 &> /home/shiny/data/logCOLA_crk_scenarioX.txt","mat_scenarioX.rip","size4mat.rsg","logUNIC_mat_scenarioX.txt","logCOLA_mat_scenarioX.txt","size4mat_sabah_500","out_mat_scenarioX.csv","taskset --cpu-list 6 /usr/bin/time -v /home/shiny/anaconda3/envs/cdujlab/bin/python UNICOR.py mat_scenarioX.rip &> /home/shiny/data/logUNIC_mat_scenarioX.txt","taskset --cpu-list 6 /usr/bin/time -v /home/shiny/anaconda3/envs/cdujlab/bin/python /home/shiny/connecting-landscapes/src/create_cdmat.py /home/shiny/data/sabah_500.shp /home/shiny/data/size4.tif /home/shiny/data/out_mat_scenarioX.csv 100000 1 &> /home/shiny/data/logCOLA_mat_scenarioX.txt"," 3.52"," 4.84"," 2.98"," 110.63"," 2.94"," 5.28",276456,97104,311948,90440,240660,98760
"25",25,"sabah_10.xy","size5_side316px_100000totpix.rsg","sabah_10.shp","size5.rsg","size5.tif","Y","scenarioY","lcc_scenarioY.rip","size5lcc.rsg","logUNIC_lcc_scenarioY.txt","logCOLA_lcc_scenarioY.txt","size5lcc_sabah_10","out_lcc_scenarioY.tif","taskset --cpu-list 6 /usr/bin/time -v /home/shiny/anaconda3/envs/cdujlab/bin/python UNICOR.py lcc_scenarioY.rip &> /home/shiny/data/logUNIC_lcc_scenarioY.txt","taskset --cpu-list 6 /usr/bin/time -v /home/shiny/anaconda3/envs/cdujlab/bin/python /home/shiny/connecting-landscapes/src/lcc.py /home/shiny/data/sabah_10.shp /home/shiny/data/size5.tif /home/shiny/data/out_lcc_scenarioY.tif 100000 2 100 1 &> /home/shiny/data/logCOLA_lcc_scenarioY.txt","crk_scenarioY.rip","size5crk.rsg","logUNIC_crk_scenarioY.txt","logCOLA_crk_scenarioY.txt","size5crk_sabah_10","out_crk_scenarioY.tif","taskset --cpu-list 6 /usr/bin/time -v /home/shiny/anaconda3/envs/cdujlab/bin/python UNICOR.py crk_scenarioY.rip &> /home/shiny/data/logUNIC_crk_scenarioY.txt","taskset --cpu-list 6 /usr/bin/time -v /home/shiny/anaconda3/envs/cdujlab/bin/python /home/shiny/connecting-landscapes/src/crk.py /home/shiny/data/sabah_10.shp /home/shiny/data/size5.tif /home/shiny/data/out_crk_scenarioY.tif 1000000 linear 10000 1 &> /home/shiny/data/logCOLA_crk_scenarioY.txt","mat_scenarioY.rip","size5mat.rsg","logUNIC_mat_scenarioY.txt","logCOLA_mat_scenarioY.txt","size5mat_sabah_10","out_mat_scenarioY.csv","taskset --cpu-list 6 /usr/bin/time -v /home/shiny/anaconda3/envs/cdujlab/bin/python UNICOR.py mat_scenarioY.rip &> /home/shiny/data/logUNIC_mat_scenarioY.txt","taskset --cpu-list 6 /usr/bin/time -v /home/shiny/anaconda3/envs/cdujlab/bin/python /home/shiny/connecting-landscapes/src/create_cdmat.py /home/shiny/data/sabah_10.shp /home/shiny/data/size5.tif /home/shiny/data/out_mat_scenarioY.csv 100000 1 &> /home/shiny/data/logCOLA_mat_scenarioY.txt"," 14.55"," 6.80"," 15.89"," 52.43"," 14.80"," 5.67",481088,130620,477924,157152,477456,125616
"26",26,"sabah_100.xy","size5_side316px_100000totpix.rsg","sabah_100.shp","size5.rsg","size5.tif","Z","scenarioZ","lcc_scenarioZ.rip","size5lcc.rsg","logUNIC_lcc_scenarioZ.txt","logCOLA_lcc_scenarioZ.txt","size5lcc_sabah_100","out_lcc_scenarioZ.tif","taskset --cpu-list 6 /usr/bin/time -v /home/shiny/anaconda3/envs/cdujlab/bin/python UNICOR.py lcc_scenarioZ.rip &> /home/shiny/data/logUNIC_lcc_scenarioZ.txt","taskset --cpu-list 6 /usr/bin/time -v /home/shiny/anaconda3/envs/cdujlab/bin/python /home/shiny/connecting-landscapes/src/lcc.py /home/shiny/data/sabah_100.shp /home/shiny/data/size5.tif /home/shiny/data/out_lcc_scenarioZ.tif 100000 2 100 1 &> /home/shiny/data/logCOLA_lcc_scenarioZ.txt","crk_scenarioZ.rip","size5crk.rsg","logUNIC_crk_scenarioZ.txt","logCOLA_crk_scenarioZ.txt","size5crk_sabah_100","out_crk_scenarioZ.tif","taskset --cpu-list 6 /usr/bin/time -v /home/shiny/anaconda3/envs/cdujlab/bin/python UNICOR.py crk_scenarioZ.rip &> /home/shiny/data/logUNIC_crk_scenarioZ.txt","taskset --cpu-list 6 /usr/bin/time -v /home/shiny/anaconda3/envs/cdujlab/bin/python /home/shiny/connecting-landscapes/src/crk.py /home/shiny/data/sabah_100.shp /home/shiny/data/size5.tif /home/shiny/data/out_crk_scenarioZ.tif 1000000 linear 10000 1 &> /home/shiny/data/logCOLA_crk_scenarioZ.txt","mat_scenarioZ.rip","size5mat.rsg","logUNIC_mat_scenarioZ.txt","logCOLA_mat_scenarioZ.txt","size5mat_sabah_100","out_mat_scenarioZ.csv","taskset --cpu-list 6 /usr/bin/time -v /home/shiny/anaconda3/envs/cdujlab/bin/python UNICOR.py mat_scenarioZ.rip &> /home/shiny/data/logUNIC_mat_scenarioZ.txt","taskset --cpu-list 6 /usr/bin/time -v /home/shiny/anaconda3/envs/cdujlab/bin/python /home/shiny/connecting-landscapes/src/create_cdmat.py /home/shiny/data/sabah_100.shp /home/shiny/data/size5.tif /home/shiny/data/out_mat_scenarioZ.csv 100000 1 &> /home/shiny/data/logCOLA_mat_scenarioZ.txt"," 17.88"," 29.17"," 16.49"," 593.98"," 15.62"," 28.86",544172,133016,619836,156196,477096,126920
"27",27,"sabah_20.xy","size5_side316px_100000totpix.rsg","sabah_20.shp","size5.rsg","size5.tif","AA","scenarioAA","lcc_scenarioAA.rip","size5lcc.rsg","logUNIC_lcc_scenarioAA.txt","logCOLA_lcc_scenarioAA.txt","size5lcc_sabah_20","out_lcc_scenarioAA.tif","taskset --cpu-list 6 /usr/bin/time -v /home/shiny/anaconda3/envs/cdujlab/bin/python UNICOR.py lcc_scenarioAA.rip &> /home/shiny/data/logUNIC_lcc_scenarioAA.txt","taskset --cpu-list 6 /usr/bin/time -v /home/shiny/anaconda3/envs/cdujlab/bin/python /home/shiny/connecting-landscapes/src/lcc.py /home/shiny/data/sabah_20.shp /home/shiny/data/size5.tif /home/shiny/data/out_lcc_scenarioAA.tif 100000 2 100 1 &> /home/shiny/data/logCOLA_lcc_scenarioAA.txt","crk_scenarioAA.rip","size5crk.rsg","logUNIC_crk_scenarioAA.txt","logCOLA_crk_scenarioAA.txt","size5crk_sabah_20","out_crk_scenarioAA.tif","taskset --cpu-list 6 /usr/bin/time -v /home/shiny/anaconda3/envs/cdujlab/bin/python UNICOR.py crk_scenarioAA.rip &> /home/shiny/data/logUNIC_crk_scenarioAA.txt","taskset --cpu-list 6 /usr/bin/time -v /home/shiny/anaconda3/envs/cdujlab/bin/python /home/shiny/connecting-landscapes/src/crk.py /home/shiny/data/sabah_20.shp /home/shiny/data/size5.tif /home/shiny/data/out_crk_scenarioAA.tif 1000000 linear 10000 1 &> /home/shiny/data/logCOLA_crk_scenarioAA.txt","mat_scenarioAA.rip","size5mat.rsg","logUNIC_mat_scenarioAA.txt","logCOLA_mat_scenarioAA.txt","size5mat_sabah_20","out_mat_scenarioAA.csv","taskset --cpu-list 6 /usr/bin/time -v /home/shiny/anaconda3/envs/cdujlab/bin/python UNICOR.py mat_scenarioAA.rip &> /home/shiny/data/logUNIC_mat_scenarioAA.txt","taskset --cpu-list 6 /usr/bin/time -v /home/shiny/anaconda3/envs/cdujlab/bin/python /home/shiny/connecting-landscapes/src/create_cdmat.py /home/shiny/data/sabah_20.shp /home/shiny/data/size5.tif /home/shiny/data/out_mat_scenarioAA.csv 100000 1 &> /home/shiny/data/logCOLA_mat_scenarioAA.txt"," 15.49"," 9.93"," 15.28"," 133.15"," 14.74"," 9.86",481140,131372,493396,155612,477080,125536
"28",28,"sabah_200.xy","size5_side316px_100000totpix.rsg","sabah_200.shp","size5.rsg","size5.tif","AB","scenarioAB","lcc_scenarioAB.rip","size5lcc.rsg","logUNIC_lcc_scenarioAB.txt","logCOLA_lcc_scenarioAB.txt","size5lcc_sabah_200","out_lcc_scenarioAB.tif","taskset --cpu-list 6 /usr/bin/time -v /home/shiny/anaconda3/envs/cdujlab/bin/python UNICOR.py lcc_scenarioAB.rip &> /home/shiny/data/logUNIC_lcc_scenarioAB.txt","taskset --cpu-list 6 /usr/bin/time -v /home/shiny/anaconda3/envs/cdujlab/bin/python /home/shiny/connecting-landscapes/src/lcc.py /home/shiny/data/sabah_200.shp /home/shiny/data/size5.tif /home/shiny/data/out_lcc_scenarioAB.tif 100000 2 100 1 &> /home/shiny/data/logCOLA_lcc_scenarioAB.txt","crk_scenarioAB.rip","size5crk.rsg","logUNIC_crk_scenarioAB.txt","logCOLA_crk_scenarioAB.txt","size5crk_sabah_200","out_crk_scenarioAB.tif","taskset --cpu-list 6 /usr/bin/time -v /home/shiny/anaconda3/envs/cdujlab/bin/python UNICOR.py crk_scenarioAB.rip &> /home/shiny/data/logUNIC_crk_scenarioAB.txt","taskset --cpu-list 6 /usr/bin/time -v /home/shiny/anaconda3/envs/cdujlab/bin/python /home/shiny/connecting-landscapes/src/crk.py /home/shiny/data/sabah_200.shp /home/shiny/data/size5.tif /home/shiny/data/out_crk_scenarioAB.tif 1000000 linear 10000 1 &> /home/shiny/data/logCOLA_crk_scenarioAB.txt","mat_scenarioAB.rip","size5mat.rsg","logUNIC_mat_scenarioAB.txt","logCOLA_mat_scenarioAB.txt","size5mat_sabah_200","out_mat_scenarioAB.csv","taskset --cpu-list 6 /usr/bin/time -v /home/shiny/anaconda3/envs/cdujlab/bin/python UNICOR.py mat_scenarioAB.rip &> /home/shiny/data/logUNIC_mat_scenarioAB.txt","taskset --cpu-list 6 /usr/bin/time -v /home/shiny/anaconda3/envs/cdujlab/bin/python /home/shiny/connecting-landscapes/src/create_cdmat.py /home/shiny/data/sabah_200.shp /home/shiny/data/size5.tif /home/shiny/data/out_mat_scenarioAB.csv 100000 1 &> /home/shiny/data/logCOLA_mat_scenarioAB.txt"," 20.21"," 52.27"," 17.85"," 1195.71"," 17.96"," 52.20",627700,134668,775916,158964,477112,128820
"29",29,"sabah_50.xy","size5_side316px_100000totpix.rsg","sabah_50.shp","size5.rsg","size5.tif","AC","scenarioAC","lcc_scenarioAC.rip","size5lcc.rsg","logUNIC_lcc_scenarioAC.txt","logCOLA_lcc_scenarioAC.txt","size5lcc_sabah_50","out_lcc_scenarioAC.tif","taskset --cpu-list 6 /usr/bin/time -v /home/shiny/anaconda3/envs/cdujlab/bin/python UNICOR.py lcc_scenarioAC.rip &> /home/shiny/data/logUNIC_lcc_scenarioAC.txt","taskset --cpu-list 6 /usr/bin/time -v /home/shiny/anaconda3/envs/cdujlab/bin/python /home/shiny/connecting-landscapes/src/lcc.py /home/shiny/data/sabah_50.shp /home/shiny/data/size5.tif /home/shiny/data/out_lcc_scenarioAC.tif 100000 2 100 1 &> /home/shiny/data/logCOLA_lcc_scenarioAC.txt","crk_scenarioAC.rip","size5crk.rsg","logUNIC_crk_scenarioAC.txt","logCOLA_crk_scenarioAC.txt","size5crk_sabah_50","out_crk_scenarioAC.tif","taskset --cpu-list 6 /usr/bin/time -v /home/shiny/anaconda3/envs/cdujlab/bin/python UNICOR.py crk_scenarioAC.rip &> /home/shiny/data/logUNIC_crk_scenarioAC.txt","taskset --cpu-list 6 /usr/bin/time -v /home/shiny/anaconda3/envs/cdujlab/bin/python /home/shiny/connecting-landscapes/src/crk.py /home/shiny/data/sabah_50.shp /home/shiny/data/size5.tif /home/shiny/data/out_crk_scenarioAC.tif 1000000 linear 10000 1 &> /home/shiny/data/logCOLA_crk_scenarioAC.txt","mat_scenarioAC.rip","size5mat.rsg","logUNIC_mat_scenarioAC.txt","logCOLA_mat_scenarioAC.txt","size5mat_sabah_50","out_mat_scenarioAC.csv","taskset --cpu-list 6 /usr/bin/time -v /home/shiny/anaconda3/envs/cdujlab/bin/python UNICOR.py mat_scenarioAC.rip &> /home/shiny/data/logUNIC_mat_scenarioAC.txt","taskset --cpu-list 6 /usr/bin/time -v /home/shiny/anaconda3/envs/cdujlab/bin/python /home/shiny/connecting-landscapes/src/create_cdmat.py /home/shiny/data/sabah_50.shp /home/shiny/data/size5.tif /home/shiny/data/out_mat_scenarioAC.csv 100000 1 &> /home/shiny/data/logCOLA_mat_scenarioAC.txt"," 16.05"," 17.27"," 15.13"," 302.13"," 14.80"," 15.66",501756,132120,538364,157420,477340,125848
"30",30,"sabah_500.xy","size5_side316px_100000totpix.rsg","sabah_500.shp","size5.rsg","size5.tif","AD","scenarioAD","lcc_scenarioAD.rip","size5lcc.rsg","logUNIC_lcc_scenarioAD.txt","logCOLA_lcc_scenarioAD.txt","size5lcc_sabah_500","out_lcc_scenarioAD.tif","taskset --cpu-list 6 /usr/bin/time -v /home/shiny/anaconda3/envs/cdujlab/bin/python UNICOR.py lcc_scenarioAD.rip &> /home/shiny/data/logUNIC_lcc_scenarioAD.txt","taskset --cpu-list 6 /usr/bin/time -v /home/shiny/anaconda3/envs/cdujlab/bin/python /home/shiny/connecting-landscapes/src/lcc.py /home/shiny/data/sabah_500.shp /home/shiny/data/size5.tif /home/shiny/data/out_lcc_scenarioAD.tif 100000 2 100 1 &> /home/shiny/data/logCOLA_lcc_scenarioAD.txt","crk_scenarioAD.rip","size5crk.rsg","logUNIC_crk_scenarioAD.txt","logCOLA_crk_scenarioAD.txt","size5crk_sabah_500","out_crk_scenarioAD.tif","taskset --cpu-list 6 /usr/bin/time -v /home/shiny/anaconda3/envs/cdujlab/bin/python UNICOR.py crk_scenarioAD.rip &> /home/shiny/data/logUNIC_crk_scenarioAD.txt","taskset --cpu-list 6 /usr/bin/time -v /home/shiny/anaconda3/envs/cdujlab/bin/python /home/shiny/connecting-landscapes/src/crk.py /home/shiny/data/sabah_500.shp /home/shiny/data/size5.tif /home/shiny/data/out_crk_scenarioAD.tif 1000000 linear 10000 1 &> /home/shiny/data/logCOLA_crk_scenarioAD.txt","mat_scenarioAD.rip","size5mat.rsg","logUNIC_mat_scenarioAD.txt","logCOLA_mat_scenarioAD.txt","size5mat_sabah_500","out_mat_scenarioAD.csv","taskset --cpu-list 6 /usr/bin/time -v /home/shiny/anaconda3/envs/cdujlab/bin/python UNICOR.py mat_scenarioAD.rip &> /home/shiny/data/logUNIC_mat_scenarioAD.txt","taskset --cpu-list 6 /usr/bin/time -v /home/shiny/anaconda3/envs/cdujlab/bin/python /home/shiny/connecting-landscapes/src/create_cdmat.py /home/shiny/data/sabah_500.shp /home/shiny/data/size5.tif /home/shiny/data/out_mat_scenarioAD.csv 100000 1 &> /home/shiny/data/logCOLA_mat_scenarioAD.txt"," 31.13"," 147.25"," 21.56"," 3174.44"," 23.35"," 145.74",886628,145916,1258628,161220,489580,141836
"31",31,"sabah_10.xy","size6_side1000px_1000000totpix.rsg","sabah_10.shp","size6.rsg","size6.tif","AE","scenarioAE","lcc_scenarioAE.rip","size6lcc.rsg","logUNIC_lcc_scenarioAE.txt","logCOLA_lcc_scenarioAE.txt","size6lcc_sabah_10","out_lcc_scenarioAE.tif","taskset --cpu-list 6 /usr/bin/time -v /home/shiny/anaconda3/envs/cdujlab/bin/python UNICOR.py lcc_scenarioAE.rip &> /home/shiny/data/logUNIC_lcc_scenarioAE.txt","taskset --cpu-list 6 /usr/bin/time -v /home/shiny/anaconda3/envs/cdujlab/bin/python /home/shiny/connecting-landscapes/src/lcc.py /home/shiny/data/sabah_10.shp /home/shiny/data/size6.tif /home/shiny/data/out_lcc_scenarioAE.tif 100000 2 100 1 &> /home/shiny/data/logCOLA_lcc_scenarioAE.txt","crk_scenarioAE.rip","size6crk.rsg","logUNIC_crk_scenarioAE.txt","logCOLA_crk_scenarioAE.txt","size6crk_sabah_10","out_crk_scenarioAE.tif","taskset --cpu-list 6 /usr/bin/time -v /home/shiny/anaconda3/envs/cdujlab/bin/python UNICOR.py crk_scenarioAE.rip &> /home/shiny/data/logUNIC_crk_scenarioAE.txt","taskset --cpu-list 6 /usr/bin/time -v /home/shiny/anaconda3/envs/cdujlab/bin/python /home/shiny/connecting-landscapes/src/crk.py /home/shiny/data/sabah_10.shp /home/shiny/data/size6.tif /home/shiny/data/out_crk_scenarioAE.tif 1000000 linear 10000 1 &> /home/shiny/data/logCOLA_crk_scenarioAE.txt","mat_scenarioAE.rip","size6mat.rsg","logUNIC_mat_scenarioAE.txt","logCOLA_mat_scenarioAE.txt","size6mat_sabah_10","out_mat_scenarioAE.csv","taskset --cpu-list 6 /usr/bin/time -v /home/shiny/anaconda3/envs/cdujlab/bin/python UNICOR.py mat_scenarioAE.rip &> /home/shiny/data/logUNIC_mat_scenarioAE.txt","taskset --cpu-list 6 /usr/bin/time -v /home/shiny/anaconda3/envs/cdujlab/bin/python /home/shiny/connecting-landscapes/src/create_cdmat.py /home/shiny/data/sabah_10.shp /home/shiny/data/size6.tif /home/shiny/data/out_mat_scenarioAE.csv 100000 1 &> /home/shiny/data/logCOLA_mat_scenarioAE.txt"," 14.61"," 44.54"," 15.71"," 290.98"," 14.71"," 40.43",481216,548240,478136,570380,477324,492224
"32",32,"sabah_100.xy","size6_side1000px_1000000totpix.rsg","sabah_100.shp","size6.rsg","size6.tif","AF","scenarioAF","lcc_scenarioAF.rip","size6lcc.rsg","logUNIC_lcc_scenarioAF.txt","logCOLA_lcc_scenarioAF.txt","size6lcc_sabah_100","out_lcc_scenarioAF.tif","taskset --cpu-list 6 /usr/bin/time -v /home/shiny/anaconda3/envs/cdujlab/bin/python UNICOR.py lcc_scenarioAF.rip &> /home/shiny/data/logUNIC_lcc_scenarioAF.txt","taskset --cpu-list 6 /usr/bin/time -v /home/shiny/anaconda3/envs/cdujlab/bin/python /home/shiny/connecting-landscapes/src/lcc.py /home/shiny/data/sabah_100.shp /home/shiny/data/size6.tif /home/shiny/data/out_lcc_scenarioAF.tif 100000 2 100 1 &> /home/shiny/data/logCOLA_lcc_scenarioAF.txt","crk_scenarioAF.rip","size6crk.rsg","logUNIC_crk_scenarioAF.txt","logCOLA_crk_scenarioAF.txt","size6crk_sabah_100","out_crk_scenarioAF.tif","taskset --cpu-list 6 /usr/bin/time -v /home/shiny/anaconda3/envs/cdujlab/bin/python UNICOR.py crk_scenarioAF.rip &> /home/shiny/data/logUNIC_crk_scenarioAF.txt","taskset --cpu-list 6 /usr/bin/time -v /home/shiny/anaconda3/envs/cdujlab/bin/python /home/shiny/connecting-landscapes/src/crk.py /home/shiny/data/sabah_100.shp /home/shiny/data/size6.tif /home/shiny/data/out_crk_scenarioAF.tif 1000000 linear 10000 1 &> /home/shiny/data/logCOLA_crk_scenarioAF.txt","mat_scenarioAF.rip","size6mat.rsg","logUNIC_mat_scenarioAF.txt","logCOLA_mat_scenarioAF.txt","size6mat_sabah_100","out_mat_scenarioAF.csv","taskset --cpu-list 6 /usr/bin/time -v /home/shiny/anaconda3/envs/cdujlab/bin/python UNICOR.py mat_scenarioAF.rip &> /home/shiny/data/logUNIC_mat_scenarioAF.txt","taskset --cpu-list 6 /usr/bin/time -v /home/shiny/anaconda3/envs/cdujlab/bin/python /home/shiny/connecting-landscapes/src/create_cdmat.py /home/shiny/data/sabah_100.shp /home/shiny/data/size6.tif /home/shiny/data/out_mat_scenarioAF.csv 100000 1 &> /home/shiny/data/logCOLA_mat_scenarioAF.txt"," 18.70"," 165.07"," 17.35"," 3133.08"," 17.14"," 159.33",544108,557144,619960,576064,477476,501084
"33",33,"sabah_20.xy","size6_side1000px_1000000totpix.rsg","sabah_20.shp","size6.rsg","size6.tif","AG","scenarioAG","lcc_scenarioAG.rip","size6lcc.rsg","logUNIC_lcc_scenarioAG.txt","logCOLA_lcc_scenarioAG.txt","size6lcc_sabah_20","out_lcc_scenarioAG.tif","taskset --cpu-list 6 /usr/bin/time -v /home/shiny/anaconda3/envs/cdujlab/bin/python UNICOR.py lcc_scenarioAG.rip &> /home/shiny/data/logUNIC_lcc_scenarioAG.txt","taskset --cpu-list 6 /usr/bin/time -v /home/shiny/anaconda3/envs/cdujlab/bin/python /home/shiny/connecting-landscapes/src/lcc.py /home/shiny/data/sabah_20.shp /home/shiny/data/size6.tif /home/shiny/data/out_lcc_scenarioAG.tif 100000 2 100 1 &> /home/shiny/data/logCOLA_lcc_scenarioAG.txt","crk_scenarioAG.rip","size6crk.rsg","logUNIC_crk_scenarioAG.txt","logCOLA_crk_scenarioAG.txt","size6crk_sabah_20","out_crk_scenarioAG.tif","taskset --cpu-list 6 /usr/bin/time -v /home/shiny/anaconda3/envs/cdujlab/bin/python UNICOR.py crk_scenarioAG.rip &> /home/shiny/data/logUNIC_crk_scenarioAG.txt","taskset --cpu-list 6 /usr/bin/time -v /home/shiny/anaconda3/envs/cdujlab/bin/python /home/shiny/connecting-landscapes/src/crk.py /home/shiny/data/sabah_20.shp /home/shiny/data/size6.tif /home/shiny/data/out_crk_scenarioAG.tif 1000000 linear 10000 1 &> /home/shiny/data/logCOLA_crk_scenarioAG.txt","mat_scenarioAG.rip","size6mat.rsg","logUNIC_mat_scenarioAG.txt","logCOLA_mat_scenarioAG.txt","size6mat_sabah_20","out_mat_scenarioAG.csv","taskset --cpu-list 6 /usr/bin/time -v /home/shiny/anaconda3/envs/cdujlab/bin/python UNICOR.py mat_scenarioAG.rip &> /home/shiny/data/logUNIC_mat_scenarioAG.txt","taskset --cpu-list 6 /usr/bin/time -v /home/shiny/anaconda3/envs/cdujlab/bin/python /home/shiny/connecting-landscapes/src/create_cdmat.py /home/shiny/data/sabah_20.shp /home/shiny/data/size6.tif /home/shiny/data/out_mat_scenarioAG.csv 100000 1 &> /home/shiny/data/logCOLA_mat_scenarioAG.txt"," 15.08"," 65.31"," 14.78"," 683.77"," 16.00"," 61.34",482124,551792,493444,575668,477344,495544
"34",34,"sabah_200.xy","size6_side1000px_1000000totpix.rsg","sabah_200.shp","size6.rsg","size6.tif","AH","scenarioAH","lcc_scenarioAH.rip","size6lcc.rsg","logUNIC_lcc_scenarioAH.txt","logCOLA_lcc_scenarioAH.txt","size6lcc_sabah_200","out_lcc_scenarioAH.tif","taskset --cpu-list 6 /usr/bin/time -v /home/shiny/anaconda3/envs/cdujlab/bin/python UNICOR.py lcc_scenarioAH.rip &> /home/shiny/data/logUNIC_lcc_scenarioAH.txt","taskset --cpu-list 6 /usr/bin/time -v /home/shiny/anaconda3/envs/cdujlab/bin/python /home/shiny/connecting-landscapes/src/lcc.py /home/shiny/data/sabah_200.shp /home/shiny/data/size6.tif /home/shiny/data/out_lcc_scenarioAH.tif 100000 2 100 1 &> /home/shiny/data/logCOLA_lcc_scenarioAH.txt","crk_scenarioAH.rip","size6crk.rsg","logUNIC_crk_scenarioAH.txt","logCOLA_crk_scenarioAH.txt","size6crk_sabah_200","out_crk_scenarioAH.tif","taskset --cpu-list 6 /usr/bin/time -v /home/shiny/anaconda3/envs/cdujlab/bin/python UNICOR.py crk_scenarioAH.rip &> /home/shiny/data/logUNIC_crk_scenarioAH.txt","taskset --cpu-list 6 /usr/bin/time -v /home/shiny/anaconda3/envs/cdujlab/bin/python /home/shiny/connecting-landscapes/src/crk.py /home/shiny/data/sabah_200.shp /home/shiny/data/size6.tif /home/shiny/data/out_crk_scenarioAH.tif 1000000 linear 10000 1 &> /home/shiny/data/logCOLA_crk_scenarioAH.txt","mat_scenarioAH.rip","size6mat.rsg","logUNIC_mat_scenarioAH.txt","logCOLA_mat_scenarioAH.txt","size6mat_sabah_200","out_mat_scenarioAH.csv","taskset --cpu-list 6 /usr/bin/time -v /home/shiny/anaconda3/envs/cdujlab/bin/python UNICOR.py mat_scenarioAH.rip &> /home/shiny/data/logUNIC_mat_scenarioAH.txt","taskset --cpu-list 6 /usr/bin/time -v /home/shiny/anaconda3/envs/cdujlab/bin/python /home/shiny/connecting-landscapes/src/create_cdmat.py /home/shiny/data/sabah_200.shp /home/shiny/data/size6.tif /home/shiny/data/out_mat_scenarioAH.csv 100000 1 &> /home/shiny/data/logCOLA_mat_scenarioAH.txt"," 20.56"," 286.04"," 18.17"," 5815.40"," 17.22"," 287.00",628308,560696,776256,585160,477108,504176
"35",35,"sabah_50.xy","size6_side1000px_1000000totpix.rsg","sabah_50.shp","size6.rsg","size6.tif","AI","scenarioAI","lcc_scenarioAI.rip","size6lcc.rsg","logUNIC_lcc_scenarioAI.txt","logCOLA_lcc_scenarioAI.txt","size6lcc_sabah_50","out_lcc_scenarioAI.tif","taskset --cpu-list 6 /usr/bin/time -v /home/shiny/anaconda3/envs/cdujlab/bin/python UNICOR.py lcc_scenarioAI.rip &> /home/shiny/data/logUNIC_lcc_scenarioAI.txt","taskset --cpu-list 6 /usr/bin/time -v /home/shiny/anaconda3/envs/cdujlab/bin/python /home/shiny/connecting-landscapes/src/lcc.py /home/shiny/data/sabah_50.shp /home/shiny/data/size6.tif /home/shiny/data/out_lcc_scenarioAI.tif 100000 2 100 1 &> /home/shiny/data/logCOLA_lcc_scenarioAI.txt","crk_scenarioAI.rip","size6crk.rsg","logUNIC_crk_scenarioAI.txt","logCOLA_crk_scenarioAI.txt","size6crk_sabah_50","out_crk_scenarioAI.tif","taskset --cpu-list 6 /usr/bin/time -v /home/shiny/anaconda3/envs/cdujlab/bin/python UNICOR.py crk_scenarioAI.rip &> /home/shiny/data/logUNIC_crk_scenarioAI.txt","taskset --cpu-list 6 /usr/bin/time -v /home/shiny/anaconda3/envs/cdujlab/bin/python /home/shiny/connecting-landscapes/src/crk.py /home/shiny/data/sabah_50.shp /home/shiny/data/size6.tif /home/shiny/data/out_crk_scenarioAI.tif 1000000 linear 10000 1 &> /home/shiny/data/logCOLA_crk_scenarioAI.txt","mat_scenarioAI.rip","size6mat.rsg","logUNIC_mat_scenarioAI.txt","logCOLA_mat_scenarioAI.txt","size6mat_sabah_50","out_mat_scenarioAI.csv","taskset --cpu-list 6 /usr/bin/time -v /home/shiny/anaconda3/envs/cdujlab/bin/python UNICOR.py mat_scenarioAI.rip &> /home/shiny/data/logUNIC_mat_scenarioAI.txt","taskset --cpu-list 6 /usr/bin/time -v /home/shiny/anaconda3/envs/cdujlab/bin/python /home/shiny/connecting-landscapes/src/create_cdmat.py /home/shiny/data/sabah_50.shp /home/shiny/data/size6.tif /home/shiny/data/out_mat_scenarioAI.csv 100000 1 &> /home/shiny/data/logCOLA_mat_scenarioAI.txt"," 17.05"," 101.69"," 15.43"," 1512.52"," 15.32"," 99.32",501512,554132,538108,575616,477080,498092
"36",36,"sabah_500.xy","size6_side1000px_1000000totpix.rsg","sabah_500.shp","size6.rsg","size6.tif","AJ","scenarioAJ","lcc_scenarioAJ.rip","size6lcc.rsg","logUNIC_lcc_scenarioAJ.txt","logCOLA_lcc_scenarioAJ.txt","size6lcc_sabah_500","out_lcc_scenarioAJ.tif","taskset --cpu-list 6 /usr/bin/time -v /home/shiny/anaconda3/envs/cdujlab/bin/python UNICOR.py lcc_scenarioAJ.rip &> /home/shiny/data/logUNIC_lcc_scenarioAJ.txt","taskset --cpu-list 6 /usr/bin/time -v /home/shiny/anaconda3/envs/cdujlab/bin/python /home/shiny/connecting-landscapes/src/lcc.py /home/shiny/data/sabah_500.shp /home/shiny/data/size6.tif /home/shiny/data/out_lcc_scenarioAJ.tif 100000 2 100 1 &> /home/shiny/data/logCOLA_lcc_scenarioAJ.txt","crk_scenarioAJ.rip","size6crk.rsg","logUNIC_crk_scenarioAJ.txt","logCOLA_crk_scenarioAJ.txt","size6crk_sabah_500","out_crk_scenarioAJ.tif","taskset --cpu-list 6 /usr/bin/time -v /home/shiny/anaconda3/envs/cdujlab/bin/python UNICOR.py crk_scenarioAJ.rip &> /home/shiny/data/logUNIC_crk_scenarioAJ.txt","taskset --cpu-list 6 /usr/bin/time -v /home/shiny/anaconda3/envs/cdujlab/bin/python /home/shiny/connecting-landscapes/src/crk.py /home/shiny/data/sabah_500.shp /home/shiny/data/size6.tif /home/shiny/data/out_crk_scenarioAJ.tif 1000000 linear 10000 1 &> /home/shiny/data/logCOLA_crk_scenarioAJ.txt","mat_scenarioAJ.rip","size6mat.rsg","logUNIC_mat_scenarioAJ.txt","logCOLA_mat_scenarioAJ.txt","size6mat_sabah_500","out_mat_scenarioAJ.csv","taskset --cpu-list 6 /usr/bin/time -v /home/shiny/anaconda3/envs/cdujlab/bin/python UNICOR.py mat_scenarioAJ.rip &> /home/shiny/data/logUNIC_mat_scenarioAJ.txt","taskset --cpu-list 6 /usr/bin/time -v /home/shiny/anaconda3/envs/cdujlab/bin/python /home/shiny/connecting-landscapes/src/create_cdmat.py /home/shiny/data/sabah_500.shp /home/shiny/data/size6.tif /home/shiny/data/out_mat_scenarioAJ.csv 100000 1 &> /home/shiny/data/logCOLA_mat_scenarioAJ.txt"," 30.75"," 809.55"," 21.78"," 15846.99"," 23.05"," 806.36",886360,587160,1258672,589276,489972,529216
"37",37,"sabah_10.xy","size7_side2000px_4000000totpix.rsg","sabah_10.shp","size7.rsg","size7.tif","AK","scenarioAK","lcc_scenarioAK.rip","size7lcc.rsg","logUNIC_lcc_scenarioAK.txt","logCOLA_lcc_scenarioAK.txt","size7lcc_sabah_10","out_lcc_scenarioAK.tif","taskset --cpu-list 6 /usr/bin/time -v /home/shiny/anaconda3/envs/cdujlab/bin/python UNICOR.py lcc_scenarioAK.rip &> /home/shiny/data/logUNIC_lcc_scenarioAK.txt","taskset --cpu-list 6 /usr/bin/time -v /home/shiny/anaconda3/envs/cdujlab/bin/python /home/shiny/connecting-landscapes/src/lcc.py /home/shiny/data/sabah_10.shp /home/shiny/data/size7.tif /home/shiny/data/out_lcc_scenarioAK.tif 100000 2 100 1 &> /home/shiny/data/logCOLA_lcc_scenarioAK.txt","crk_scenarioAK.rip","size7crk.rsg","logUNIC_crk_scenarioAK.txt","logCOLA_crk_scenarioAK.txt","size7crk_sabah_10","out_crk_scenarioAK.tif","taskset --cpu-list 6 /usr/bin/time -v /home/shiny/anaconda3/envs/cdujlab/bin/python UNICOR.py crk_scenarioAK.rip &> /home/shiny/data/logUNIC_crk_scenarioAK.txt","taskset --cpu-list 6 /usr/bin/time -v /home/shiny/anaconda3/envs/cdujlab/bin/python /home/shiny/connecting-landscapes/src/crk.py /home/shiny/data/sabah_10.shp /home/shiny/data/size7.tif /home/shiny/data/out_crk_scenarioAK.tif 1000000 linear 10000 1 &> /home/shiny/data/logCOLA_crk_scenarioAK.txt","mat_scenarioAK.rip","size7mat.rsg","logUNIC_mat_scenarioAK.txt","logCOLA_mat_scenarioAK.txt","size7mat_sabah_10","out_mat_scenarioAK.csv","taskset --cpu-list 6 /usr/bin/time -v /home/shiny/anaconda3/envs/cdujlab/bin/python UNICOR.py mat_scenarioAK.rip &> /home/shiny/data/logUNIC_mat_scenarioAK.txt","taskset --cpu-list 6 /usr/bin/time -v /home/shiny/anaconda3/envs/cdujlab/bin/python /home/shiny/connecting-landscapes/src/create_cdmat.py /home/shiny/data/sabah_10.shp /home/shiny/data/size7.tif /home/shiny/data/out_mat_scenarioAK.csv 100000 1 &> /home/shiny/data/logCOLA_mat_scenarioAK.txt"," 573.42"," 186.85"," 585.04"," 1410.11"," 577.08"," 167.82",10711612,1934672,10708460,2035192,10716708,1697788
"38",38,"sabah_100.xy","size7_side2000px_4000000totpix.rsg","sabah_100.shp","size7.rsg","size7.tif","AL","scenarioAL","lcc_scenarioAL.rip","size7lcc.rsg","logUNIC_lcc_scenarioAL.txt","logCOLA_lcc_scenarioAL.txt","size7lcc_sabah_100","out_lcc_scenarioAL.tif","taskset --cpu-list 6 /usr/bin/time -v /home/shiny/anaconda3/envs/cdujlab/bin/python UNICOR.py lcc_scenarioAL.rip &> /home/shiny/data/logUNIC_lcc_scenarioAL.txt","taskset --cpu-list 6 /usr/bin/time -v /home/shiny/anaconda3/envs/cdujlab/bin/python /home/shiny/connecting-landscapes/src/lcc.py /home/shiny/data/sabah_100.shp /home/shiny/data/size7.tif /home/shiny/data/out_lcc_scenarioAL.tif 100000 2 100 1 &> /home/shiny/data/logCOLA_lcc_scenarioAL.txt","crk_scenarioAL.rip","size7crk.rsg","logUNIC_crk_scenarioAL.txt","logCOLA_crk_scenarioAL.txt","size7crk_sabah_100","out_crk_scenarioAL.tif","taskset --cpu-list 6 /usr/bin/time -v /home/shiny/anaconda3/envs/cdujlab/bin/python UNICOR.py crk_scenarioAL.rip &> /home/shiny/data/logUNIC_crk_scenarioAL.txt","taskset --cpu-list 6 /usr/bin/time -v /home/shiny/anaconda3/envs/cdujlab/bin/python /home/shiny/connecting-landscapes/src/crk.py /home/shiny/data/sabah_100.shp /home/shiny/data/size7.tif /home/shiny/data/out_crk_scenarioAL.tif 1000000 linear 10000 1 &> /home/shiny/data/logCOLA_crk_scenarioAL.txt","mat_scenarioAL.rip","size7mat.rsg","logUNIC_mat_scenarioAL.txt","logCOLA_mat_scenarioAL.txt","size7mat_sabah_100","out_mat_scenarioAL.csv","taskset --cpu-list 6 /usr/bin/time -v /home/shiny/anaconda3/envs/cdujlab/bin/python UNICOR.py mat_scenarioAL.rip &> /home/shiny/data/logUNIC_mat_scenarioAL.txt","taskset --cpu-list 6 /usr/bin/time -v /home/shiny/anaconda3/envs/cdujlab/bin/python /home/shiny/connecting-landscapes/src/create_cdmat.py /home/shiny/data/sabah_100.shp /home/shiny/data/size7.tif /home/shiny/data/out_mat_scenarioAL.csv 100000 1 &> /home/shiny/data/logCOLA_mat_scenarioAL.txt"," 759.89"," 704.29"," 662.68"," 14296.60"," 635.93"," 715.13",12052616,1968332,15167420,2043068,10708312,1732516
"39",39,"sabah_20.xy","size7_side2000px_4000000totpix.rsg","sabah_20.shp","size7.rsg","size7.tif","AM","scenarioAM","lcc_scenarioAM.rip","size7lcc.rsg","logUNIC_lcc_scenarioAM.txt","logCOLA_lcc_scenarioAM.txt","size7lcc_sabah_20","out_lcc_scenarioAM.tif","taskset --cpu-list 6 /usr/bin/time -v /home/shiny/anaconda3/envs/cdujlab/bin/python UNICOR.py lcc_scenarioAM.rip &> /home/shiny/data/logUNIC_lcc_scenarioAM.txt","taskset --cpu-list 6 /usr/bin/time -v /home/shiny/anaconda3/envs/cdujlab/bin/python /home/shiny/connecting-landscapes/src/lcc.py /home/shiny/data/sabah_20.shp /home/shiny/data/size7.tif /home/shiny/data/out_lcc_scenarioAM.tif 100000 2 100 1 &> /home/shiny/data/logCOLA_lcc_scenarioAM.txt","crk_scenarioAM.rip","size7crk.rsg","logUNIC_crk_scenarioAM.txt","logCOLA_crk_scenarioAM.txt","size7crk_sabah_20","out_crk_scenarioAM.tif","taskset --cpu-list 6 /usr/bin/time -v /home/shiny/anaconda3/envs/cdujlab/bin/python UNICOR.py crk_scenarioAM.rip &> /home/shiny/data/logUNIC_crk_scenarioAM.txt","taskset --cpu-list 6 /usr/bin/time -v /home/shiny/anaconda3/envs/cdujlab/bin/python /home/shiny/connecting-landscapes/src/crk.py /home/shiny/data/sabah_20.shp /home/shiny/data/size7.tif /home/shiny/data/out_crk_scenarioAM.tif 1000000 linear 10000 1 &> /home/shiny/data/logCOLA_crk_scenarioAM.txt","mat_scenarioAM.rip","size7mat.rsg","logUNIC_mat_scenarioAM.txt","logCOLA_mat_scenarioAM.txt","size7mat_sabah_20","out_mat_scenarioAM.csv","taskset --cpu-list 6 /usr/bin/time -v /home/shiny/anaconda3/envs/cdujlab/bin/python UNICOR.py mat_scenarioAM.rip &> /home/shiny/data/logUNIC_mat_scenarioAM.txt","taskset --cpu-list 6 /usr/bin/time -v /home/shiny/anaconda3/envs/cdujlab/bin/python /home/shiny/connecting-landscapes/src/create_cdmat.py /home/shiny/data/sabah_20.shp /home/shiny/data/size7.tif /home/shiny/data/out_mat_scenarioAM.csv 100000 1 &> /home/shiny/data/logCOLA_mat_scenarioAM.txt"," 608.12"," 274.21"," 575.11"," 3115.66"," 590.10"," 268.67",10711700,1944604,10708656,2054084,10708128,1708748
"40",40,"sabah_200.xy","size7_side2000px_4000000totpix.rsg","sabah_200.shp","size7.rsg","size7.tif","AN","scenarioAN","lcc_scenarioAN.rip","size7lcc.rsg","logUNIC_lcc_scenarioAN.txt","logCOLA_lcc_scenarioAN.txt","size7lcc_sabah_200","out_lcc_scenarioAN.tif","taskset --cpu-list 6 /usr/bin/time -v /home/shiny/anaconda3/envs/cdujlab/bin/python UNICOR.py lcc_scenarioAN.rip &> /home/shiny/data/logUNIC_lcc_scenarioAN.txt","taskset --cpu-list 6 /usr/bin/time -v /home/shiny/anaconda3/envs/cdujlab/bin/python /home/shiny/connecting-landscapes/src/lcc.py /home/shiny/data/sabah_200.shp /home/shiny/data/size7.tif /home/shiny/data/out_lcc_scenarioAN.tif 100000 2 100 1 &> /home/shiny/data/logCOLA_lcc_scenarioAN.txt","crk_scenarioAN.rip","size7crk.rsg","logUNIC_crk_scenarioAN.txt","logCOLA_crk_scenarioAN.txt","size7crk_sabah_200","out_crk_scenarioAN.tif","taskset --cpu-list 6 /usr/bin/time -v /home/shiny/anaconda3/envs/cdujlab/bin/python UNICOR.py crk_scenarioAN.rip &> /home/shiny/data/logUNIC_crk_scenarioAN.txt","taskset --cpu-list 6 /usr/bin/time -v /home/shiny/anaconda3/envs/cdujlab/bin/python /home/shiny/connecting-landscapes/src/crk.py /home/shiny/data/sabah_200.shp /home/shiny/data/size7.tif /home/shiny/data/out_crk_scenarioAN.tif 1000000 linear 10000 1 &> /home/shiny/data/logCOLA_crk_scenarioAN.txt","mat_scenarioAN.rip","size7mat.rsg","logUNIC_mat_scenarioAN.txt","logCOLA_mat_scenarioAN.txt","size7mat_sabah_200","out_mat_scenarioAN.csv","taskset --cpu-list 6 /usr/bin/time -v /home/shiny/anaconda3/envs/cdujlab/bin/python UNICOR.py mat_scenarioAN.rip &> /home/shiny/data/logUNIC_mat_scenarioAN.txt","taskset --cpu-list 6 /usr/bin/time -v /home/shiny/anaconda3/envs/cdujlab/bin/python /home/shiny/connecting-landscapes/src/create_cdmat.py /home/shiny/data/sabah_200.shp /home/shiny/data/size7.tif /home/shiny/data/out_mat_scenarioAN.csv 100000 1 &> /home/shiny/data/logCOLA_mat_scenarioAN.txt"," 935.68"," 1253.14"," 766.06"," 27364.94"," 756.41"," 1281.40",15550056,1980032,21700876,2044740,10708148,1744008
"41",41,"sabah_50.xy","size7_side2000px_4000000totpix.rsg","sabah_50.shp","size7.rsg","size7.tif","AO","scenarioAO","lcc_scenarioAO.rip","size7lcc.rsg","logUNIC_lcc_scenarioAO.txt","logCOLA_lcc_scenarioAO.txt","size7lcc_sabah_50","out_lcc_scenarioAO.tif","taskset --cpu-list 6 /usr/bin/time -v /home/shiny/anaconda3/envs/cdujlab/bin/python UNICOR.py lcc_scenarioAO.rip &> /home/shiny/data/logUNIC_lcc_scenarioAO.txt","taskset --cpu-list 6 /usr/bin/time -v /home/shiny/anaconda3/envs/cdujlab/bin/python /home/shiny/connecting-landscapes/src/lcc.py /home/shiny/data/sabah_50.shp /home/shiny/data/size7.tif /home/shiny/data/out_lcc_scenarioAO.tif 100000 2 100 1 &> /home/shiny/data/logCOLA_lcc_scenarioAO.txt","crk_scenarioAO.rip","size7crk.rsg","logUNIC_crk_scenarioAO.txt","logCOLA_crk_scenarioAO.txt","size7crk_sabah_50","out_crk_scenarioAO.tif","taskset --cpu-list 6 /usr/bin/time -v /home/shiny/anaconda3/envs/cdujlab/bin/python UNICOR.py crk_scenarioAO.rip &> /home/shiny/data/logUNIC_crk_scenarioAO.txt","taskset --cpu-list 6 /usr/bin/time -v /home/shiny/anaconda3/envs/cdujlab/bin/python /home/shiny/connecting-landscapes/src/crk.py /home/shiny/data/sabah_50.shp /home/shiny/data/size7.tif /home/shiny/data/out_crk_scenarioAO.tif 1000000 linear 10000 1 &> /home/shiny/data/logCOLA_crk_scenarioAO.txt","mat_scenarioAO.rip","size7mat.rsg","logUNIC_mat_scenarioAO.txt","logCOLA_mat_scenarioAO.txt","size7mat_sabah_50","out_mat_scenarioAO.csv","taskset --cpu-list 6 /usr/bin/time -v /home/shiny/anaconda3/envs/cdujlab/bin/python UNICOR.py mat_scenarioAO.rip &> /home/shiny/data/logUNIC_mat_scenarioAO.txt","taskset --cpu-list 6 /usr/bin/time -v /home/shiny/anaconda3/envs/cdujlab/bin/python /home/shiny/connecting-landscapes/src/create_cdmat.py /home/shiny/data/sabah_50.shp /home/shiny/data/size7.tif /home/shiny/data/out_mat_scenarioAO.csv 100000 1 &> /home/shiny/data/logCOLA_mat_scenarioAO.txt"," 673.57"," 427.86"," 625.52"," 6888.75"," 610.14"," 438.71",10711560,1957016,11859252,2043416,10708220,1719888
"42",42,"sabah_500.xy","size7_side2000px_4000000totpix.rsg","sabah_500.shp","size7.rsg","size7.tif","AP","scenarioAP","lcc_scenarioAP.rip","size7lcc.rsg","logUNIC_lcc_scenarioAP.txt","logCOLA_lcc_scenarioAP.txt","size7lcc_sabah_500","out_lcc_scenarioAP.tif","taskset --cpu-list 6 /usr/bin/time -v /home/shiny/anaconda3/envs/cdujlab/bin/python UNICOR.py lcc_scenarioAP.rip &> /home/shiny/data/logUNIC_lcc_scenarioAP.txt","taskset --cpu-list 6 /usr/bin/time -v /home/shiny/anaconda3/envs/cdujlab/bin/python /home/shiny/connecting-landscapes/src/lcc.py /home/shiny/data/sabah_500.shp /home/shiny/data/size7.tif /home/shiny/data/out_lcc_scenarioAP.tif 100000 2 100 1 &> /home/shiny/data/logCOLA_lcc_scenarioAP.txt","crk_scenarioAP.rip","size7crk.rsg","logUNIC_crk_scenarioAP.txt","logCOLA_crk_scenarioAP.txt","size7crk_sabah_500","out_crk_scenarioAP.tif","taskset --cpu-list 6 /usr/bin/time -v /home/shiny/anaconda3/envs/cdujlab/bin/python UNICOR.py crk_scenarioAP.rip &> /home/shiny/data/logUNIC_crk_scenarioAP.txt","taskset --cpu-list 6 /usr/bin/time -v /home/shiny/anaconda3/envs/cdujlab/bin/python /home/shiny/connecting-landscapes/src/crk.py /home/shiny/data/sabah_500.shp /home/shiny/data/size7.tif /home/shiny/data/out_crk_scenarioAP.tif 1000000 linear 10000 1 &> /home/shiny/data/logCOLA_crk_scenarioAP.txt","mat_scenarioAP.rip","size7mat.rsg","logUNIC_mat_scenarioAP.txt","logCOLA_mat_scenarioAP.txt","size7mat_sabah_500","out_mat_scenarioAP.csv","taskset --cpu-list 6 /usr/bin/time -v /home/shiny/anaconda3/envs/cdujlab/bin/python UNICOR.py mat_scenarioAP.rip &> /home/shiny/data/logUNIC_mat_scenarioAP.txt","taskset --cpu-list 6 /usr/bin/time -v /home/shiny/anaconda3/envs/cdujlab/bin/python /home/shiny/connecting-landscapes/src/create_cdmat.py /home/shiny/data/sabah_500.shp /home/shiny/data/size7.tif /home/shiny/data/out_mat_scenarioAP.csv 100000 1 &> /home/shiny/data/logCOLA_mat_scenarioAP.txt"," 1547.32"," 3466.71",NA," 72971.88"," 996.43"," 3573.39",25947652,2034168,NA,2057428,10708184,1797360
