"","xy","rsgo","shp","rsg","tif","scen","scenario","lcc_unic_rip","lcc_unic_tif","lcc_unic_log","lcc_cola_log","lcc_unic_out","lcc_cola_out","lcc_unic_cmd","lcc_cola_cmd","crk_unic_rip","crk_unic_tif","crk_unic_log","crk_cola_log","crk_unic_out","crk_cola_out","crk_unic_cmd","crk_cola_cmd","mat_unic_rip","mat_unic_tif","mat_unic_log","mat_cola_log","mat_unic_out","mat_cola_out","mat_unic_cmd","mat_cola_cmd"
"1","sabah_10.xy","size1_side3px_10totpix.rsg","sabah_10.shp","size1.rsg","size1.tif","A","scenarioA","lcc_scenarioA.rip","size1lcc.rsg","logUNIC_lcc_scenarioA.txt","logCOLA_lcc_scenarioA.txt","size1lcc_sabah_10","out_lcc_scenarioA.tif","/usr/bin/time -v /home/shiny/anaconda3/envs/cdujlab/bin/python UNICOR.py lcc_scenarioA.rip &> /home/shiny/data/logUNIC_lcc_scenarioA.txt","/usr/bin/time -v /home/shiny/anaconda3/envs/cdujlab/bin/python /home/shiny/connecting-landscapes/src/lcc.py /home/shiny/data/sabah_10.shp /home/shiny/data/size1.tif /home/shiny/data/out_lcc_scenarioA.tif 100000 2 100 1 &> /home/shiny/data/logCOLA_lcc_scenarioA.txt","crk_scenarioA.rip","size1crk.rsg","logUNIC_crk_scenarioA.txt","logCOLA_crk_scenarioA.txt","size1crk_sabah_10","out_crk_scenarioA.tif","/usr/bin/time -v /home/shiny/anaconda3/envs/cdujlab/bin/python UNICOR.py crk_scenarioA.rip &> /home/shiny/data/logUNIC_crk_scenarioA.txt","/usr/bin/time -v /home/shiny/anaconda3/envs/cdujlab/bin/python /home/shiny/connecting-landscapes/src/crk.py /home/shiny/data/sabah_10.shp /home/shiny/data/size1.tif /home/shiny/data/out_crk_scenarioA.tif 1000000 linear 10000 1 &> /home/shiny/data/logCOLA_crk_scenarioA.txt","mat_scenarioA.rip","size1mat.rsg","logUNIC_mat_scenarioA.txt","logCOLA_mat_scenarioA.txt","size1mat_sabah_10","out_mat_scenarioA.csv","/usr/bin/time -v /home/shiny/anaconda3/envs/cdujlab/bin/python UNICOR.py mat_scenarioA.rip &> /home/shiny/data/logUNIC_mat_scenarioA.txt","/usr/bin/time -v /home/shiny/anaconda3/envs/cdujlab/bin/python /home/shiny/connecting-landscapes/src/create_cdmat.py /home/shiny/data/sabah_10.shp /home/shiny/data/size1.tif /home/shiny/data/out_mat_scenarioA.csv 100000 1 &> /home/shiny/data/logCOLA_mat_scenarioA.txt"
"2","sabah_100.xy","size1_side3px_10totpix.rsg","sabah_100.shp","size1.rsg","size1.tif","B","scenarioB","lcc_scenarioB.rip","size1lcc.rsg","logUNIC_lcc_scenarioB.txt","logCOLA_lcc_scenarioB.txt","size1lcc_sabah_100","out_lcc_scenarioB.tif","/usr/bin/time -v /home/shiny/anaconda3/envs/cdujlab/bin/python UNICOR.py lcc_scenarioB.rip &> /home/shiny/data/logUNIC_lcc_scenarioB.txt","/usr/bin/time -v /home/shiny/anaconda3/envs/cdujlab/bin/python /home/shiny/connecting-landscapes/src/lcc.py /home/shiny/data/sabah_100.shp /home/shiny/data/size1.tif /home/shiny/data/out_lcc_scenarioB.tif 100000 2 100 1 &> /home/shiny/data/logCOLA_lcc_scenarioB.txt","crk_scenarioB.rip","size1crk.rsg","logUNIC_crk_scenarioB.txt","logCOLA_crk_scenarioB.txt","size1crk_sabah_100","out_crk_scenarioB.tif","/usr/bin/time -v /home/shiny/anaconda3/envs/cdujlab/bin/python UNICOR.py crk_scenarioB.rip &> /home/shiny/data/logUNIC_crk_scenarioB.txt","/usr/bin/time -v /home/shiny/anaconda3/envs/cdujlab/bin/python /home/shiny/connecting-landscapes/src/crk.py /home/shiny/data/sabah_100.shp /home/shiny/data/size1.tif /home/shiny/data/out_crk_scenarioB.tif 1000000 linear 10000 1 &> /home/shiny/data/logCOLA_crk_scenarioB.txt","mat_scenarioB.rip","size1mat.rsg","logUNIC_mat_scenarioB.txt","logCOLA_mat_scenarioB.txt","size1mat_sabah_100","out_mat_scenarioB.csv","/usr/bin/time -v /home/shiny/anaconda3/envs/cdujlab/bin/python UNICOR.py mat_scenarioB.rip &> /home/shiny/data/logUNIC_mat_scenarioB.txt","/usr/bin/time -v /home/shiny/anaconda3/envs/cdujlab/bin/python /home/shiny/connecting-landscapes/src/create_cdmat.py /home/shiny/data/sabah_100.shp /home/shiny/data/size1.tif /home/shiny/data/out_mat_scenarioB.csv 100000 1 &> /home/shiny/data/logCOLA_mat_scenarioB.txt"
"3","sabah_20.xy","size1_side3px_10totpix.rsg","sabah_20.shp","size1.rsg","size1.tif","C","scenarioC","lcc_scenarioC.rip","size1lcc.rsg","logUNIC_lcc_scenarioC.txt","logCOLA_lcc_scenarioC.txt","size1lcc_sabah_20","out_lcc_scenarioC.tif","/usr/bin/time -v /home/shiny/anaconda3/envs/cdujlab/bin/python UNICOR.py lcc_scenarioC.rip &> /home/shiny/data/logUNIC_lcc_scenarioC.txt","/usr/bin/time -v /home/shiny/anaconda3/envs/cdujlab/bin/python /home/shiny/connecting-landscapes/src/lcc.py /home/shiny/data/sabah_20.shp /home/shiny/data/size1.tif /home/shiny/data/out_lcc_scenarioC.tif 100000 2 100 1 &> /home/shiny/data/logCOLA_lcc_scenarioC.txt","crk_scenarioC.rip","size1crk.rsg","logUNIC_crk_scenarioC.txt","logCOLA_crk_scenarioC.txt","size1crk_sabah_20","out_crk_scenarioC.tif","/usr/bin/time -v /home/shiny/anaconda3/envs/cdujlab/bin/python UNICOR.py crk_scenarioC.rip &> /home/shiny/data/logUNIC_crk_scenarioC.txt","/usr/bin/time -v /home/shiny/anaconda3/envs/cdujlab/bin/python /home/shiny/connecting-landscapes/src/crk.py /home/shiny/data/sabah_20.shp /home/shiny/data/size1.tif /home/shiny/data/out_crk_scenarioC.tif 1000000 linear 10000 1 &> /home/shiny/data/logCOLA_crk_scenarioC.txt","mat_scenarioC.rip","size1mat.rsg","logUNIC_mat_scenarioC.txt","logCOLA_mat_scenarioC.txt","size1mat_sabah_20","out_mat_scenarioC.csv","/usr/bin/time -v /home/shiny/anaconda3/envs/cdujlab/bin/python UNICOR.py mat_scenarioC.rip &> /home/shiny/data/logUNIC_mat_scenarioC.txt","/usr/bin/time -v /home/shiny/anaconda3/envs/cdujlab/bin/python /home/shiny/connecting-landscapes/src/create_cdmat.py /home/shiny/data/sabah_20.shp /home/shiny/data/size1.tif /home/shiny/data/out_mat_scenarioC.csv 100000 1 &> /home/shiny/data/logCOLA_mat_scenarioC.txt"
"4","sabah_200.xy","size1_side3px_10totpix.rsg","sabah_200.shp","size1.rsg","size1.tif","D","scenarioD","lcc_scenarioD.rip","size1lcc.rsg","logUNIC_lcc_scenarioD.txt","logCOLA_lcc_scenarioD.txt","size1lcc_sabah_200","out_lcc_scenarioD.tif","/usr/bin/time -v /home/shiny/anaconda3/envs/cdujlab/bin/python UNICOR.py lcc_scenarioD.rip &> /home/shiny/data/logUNIC_lcc_scenarioD.txt","/usr/bin/time -v /home/shiny/anaconda3/envs/cdujlab/bin/python /home/shiny/connecting-landscapes/src/lcc.py /home/shiny/data/sabah_200.shp /home/shiny/data/size1.tif /home/shiny/data/out_lcc_scenarioD.tif 100000 2 100 1 &> /home/shiny/data/logCOLA_lcc_scenarioD.txt","crk_scenarioD.rip","size1crk.rsg","logUNIC_crk_scenarioD.txt","logCOLA_crk_scenarioD.txt","size1crk_sabah_200","out_crk_scenarioD.tif","/usr/bin/time -v /home/shiny/anaconda3/envs/cdujlab/bin/python UNICOR.py crk_scenarioD.rip &> /home/shiny/data/logUNIC_crk_scenarioD.txt","/usr/bin/time -v /home/shiny/anaconda3/envs/cdujlab/bin/python /home/shiny/connecting-landscapes/src/crk.py /home/shiny/data/sabah_200.shp /home/shiny/data/size1.tif /home/shiny/data/out_crk_scenarioD.tif 1000000 linear 10000 1 &> /home/shiny/data/logCOLA_crk_scenarioD.txt","mat_scenarioD.rip","size1mat.rsg","logUNIC_mat_scenarioD.txt","logCOLA_mat_scenarioD.txt","size1mat_sabah_200","out_mat_scenarioD.csv","/usr/bin/time -v /home/shiny/anaconda3/envs/cdujlab/bin/python UNICOR.py mat_scenarioD.rip &> /home/shiny/data/logUNIC_mat_scenarioD.txt","/usr/bin/time -v /home/shiny/anaconda3/envs/cdujlab/bin/python /home/shiny/connecting-landscapes/src/create_cdmat.py /home/shiny/data/sabah_200.shp /home/shiny/data/size1.tif /home/shiny/data/out_mat_scenarioD.csv 100000 1 &> /home/shiny/data/logCOLA_mat_scenarioD.txt"
"5","sabah_50.xy","size1_side3px_10totpix.rsg","sabah_50.shp","size1.rsg","size1.tif","E","scenarioE","lcc_scenarioE.rip","size1lcc.rsg","logUNIC_lcc_scenarioE.txt","logCOLA_lcc_scenarioE.txt","size1lcc_sabah_50","out_lcc_scenarioE.tif","/usr/bin/time -v /home/shiny/anaconda3/envs/cdujlab/bin/python UNICOR.py lcc_scenarioE.rip &> /home/shiny/data/logUNIC_lcc_scenarioE.txt","/usr/bin/time -v /home/shiny/anaconda3/envs/cdujlab/bin/python /home/shiny/connecting-landscapes/src/lcc.py /home/shiny/data/sabah_50.shp /home/shiny/data/size1.tif /home/shiny/data/out_lcc_scenarioE.tif 100000 2 100 1 &> /home/shiny/data/logCOLA_lcc_scenarioE.txt","crk_scenarioE.rip","size1crk.rsg","logUNIC_crk_scenarioE.txt","logCOLA_crk_scenarioE.txt","size1crk_sabah_50","out_crk_scenarioE.tif","/usr/bin/time -v /home/shiny/anaconda3/envs/cdujlab/bin/python UNICOR.py crk_scenarioE.rip &> /home/shiny/data/logUNIC_crk_scenarioE.txt","/usr/bin/time -v /home/shiny/anaconda3/envs/cdujlab/bin/python /home/shiny/connecting-landscapes/src/crk.py /home/shiny/data/sabah_50.shp /home/shiny/data/size1.tif /home/shiny/data/out_crk_scenarioE.tif 1000000 linear 10000 1 &> /home/shiny/data/logCOLA_crk_scenarioE.txt","mat_scenarioE.rip","size1mat.rsg","logUNIC_mat_scenarioE.txt","logCOLA_mat_scenarioE.txt","size1mat_sabah_50","out_mat_scenarioE.csv","/usr/bin/time -v /home/shiny/anaconda3/envs/cdujlab/bin/python UNICOR.py mat_scenarioE.rip &> /home/shiny/data/logUNIC_mat_scenarioE.txt","/usr/bin/time -v /home/shiny/anaconda3/envs/cdujlab/bin/python /home/shiny/connecting-landscapes/src/create_cdmat.py /home/shiny/data/sabah_50.shp /home/shiny/data/size1.tif /home/shiny/data/out_mat_scenarioE.csv 100000 1 &> /home/shiny/data/logCOLA_mat_scenarioE.txt"
"6","sabah_500.xy","size1_side3px_10totpix.rsg","sabah_500.shp","size1.rsg","size1.tif","F","scenarioF","lcc_scenarioF.rip","size1lcc.rsg","logUNIC_lcc_scenarioF.txt","logCOLA_lcc_scenarioF.txt","size1lcc_sabah_500","out_lcc_scenarioF.tif","/usr/bin/time -v /home/shiny/anaconda3/envs/cdujlab/bin/python UNICOR.py lcc_scenarioF.rip &> /home/shiny/data/logUNIC_lcc_scenarioF.txt","/usr/bin/time -v /home/shiny/anaconda3/envs/cdujlab/bin/python /home/shiny/connecting-landscapes/src/lcc.py /home/shiny/data/sabah_500.shp /home/shiny/data/size1.tif /home/shiny/data/out_lcc_scenarioF.tif 100000 2 100 1 &> /home/shiny/data/logCOLA_lcc_scenarioF.txt","crk_scenarioF.rip","size1crk.rsg","logUNIC_crk_scenarioF.txt","logCOLA_crk_scenarioF.txt","size1crk_sabah_500","out_crk_scenarioF.tif","/usr/bin/time -v /home/shiny/anaconda3/envs/cdujlab/bin/python UNICOR.py crk_scenarioF.rip &> /home/shiny/data/logUNIC_crk_scenarioF.txt","/usr/bin/time -v /home/shiny/anaconda3/envs/cdujlab/bin/python /home/shiny/connecting-landscapes/src/crk.py /home/shiny/data/sabah_500.shp /home/shiny/data/size1.tif /home/shiny/data/out_crk_scenarioF.tif 1000000 linear 10000 1 &> /home/shiny/data/logCOLA_crk_scenarioF.txt","mat_scenarioF.rip","size1mat.rsg","logUNIC_mat_scenarioF.txt","logCOLA_mat_scenarioF.txt","size1mat_sabah_500","out_mat_scenarioF.csv","/usr/bin/time -v /home/shiny/anaconda3/envs/cdujlab/bin/python UNICOR.py mat_scenarioF.rip &> /home/shiny/data/logUNIC_mat_scenarioF.txt","/usr/bin/time -v /home/shiny/anaconda3/envs/cdujlab/bin/python /home/shiny/connecting-landscapes/src/create_cdmat.py /home/shiny/data/sabah_500.shp /home/shiny/data/size1.tif /home/shiny/data/out_mat_scenarioF.csv 100000 1 &> /home/shiny/data/logCOLA_mat_scenarioF.txt"
"7","sabah_10.xy","size2_side10px_100totpix.rsg","sabah_10.shp","size2.rsg","size2.tif","G","scenarioG","lcc_scenarioG.rip","size2lcc.rsg","logUNIC_lcc_scenarioG.txt","logCOLA_lcc_scenarioG.txt","size2lcc_sabah_10","out_lcc_scenarioG.tif","/usr/bin/time -v /home/shiny/anaconda3/envs/cdujlab/bin/python UNICOR.py lcc_scenarioG.rip &> /home/shiny/data/logUNIC_lcc_scenarioG.txt","/usr/bin/time -v /home/shiny/anaconda3/envs/cdujlab/bin/python /home/shiny/connecting-landscapes/src/lcc.py /home/shiny/data/sabah_10.shp /home/shiny/data/size2.tif /home/shiny/data/out_lcc_scenarioG.tif 100000 2 100 1 &> /home/shiny/data/logCOLA_lcc_scenarioG.txt","crk_scenarioG.rip","size2crk.rsg","logUNIC_crk_scenarioG.txt","logCOLA_crk_scenarioG.txt","size2crk_sabah_10","out_crk_scenarioG.tif","/usr/bin/time -v /home/shiny/anaconda3/envs/cdujlab/bin/python UNICOR.py crk_scenarioG.rip &> /home/shiny/data/logUNIC_crk_scenarioG.txt","/usr/bin/time -v /home/shiny/anaconda3/envs/cdujlab/bin/python /home/shiny/connecting-landscapes/src/crk.py /home/shiny/data/sabah_10.shp /home/shiny/data/size2.tif /home/shiny/data/out_crk_scenarioG.tif 1000000 linear 10000 1 &> /home/shiny/data/logCOLA_crk_scenarioG.txt","mat_scenarioG.rip","size2mat.rsg","logUNIC_mat_scenarioG.txt","logCOLA_mat_scenarioG.txt","size2mat_sabah_10","out_mat_scenarioG.csv","/usr/bin/time -v /home/shiny/anaconda3/envs/cdujlab/bin/python UNICOR.py mat_scenarioG.rip &> /home/shiny/data/logUNIC_mat_scenarioG.txt","/usr/bin/time -v /home/shiny/anaconda3/envs/cdujlab/bin/python /home/shiny/connecting-landscapes/src/create_cdmat.py /home/shiny/data/sabah_10.shp /home/shiny/data/size2.tif /home/shiny/data/out_mat_scenarioG.csv 100000 1 &> /home/shiny/data/logCOLA_mat_scenarioG.txt"
"8","sabah_100.xy","size2_side10px_100totpix.rsg","sabah_100.shp","size2.rsg","size2.tif","H","scenarioH","lcc_scenarioH.rip","size2lcc.rsg","logUNIC_lcc_scenarioH.txt","logCOLA_lcc_scenarioH.txt","size2lcc_sabah_100","out_lcc_scenarioH.tif","/usr/bin/time -v /home/shiny/anaconda3/envs/cdujlab/bin/python UNICOR.py lcc_scenarioH.rip &> /home/shiny/data/logUNIC_lcc_scenarioH.txt","/usr/bin/time -v /home/shiny/anaconda3/envs/cdujlab/bin/python /home/shiny/connecting-landscapes/src/lcc.py /home/shiny/data/sabah_100.shp /home/shiny/data/size2.tif /home/shiny/data/out_lcc_scenarioH.tif 100000 2 100 1 &> /home/shiny/data/logCOLA_lcc_scenarioH.txt","crk_scenarioH.rip","size2crk.rsg","logUNIC_crk_scenarioH.txt","logCOLA_crk_scenarioH.txt","size2crk_sabah_100","out_crk_scenarioH.tif","/usr/bin/time -v /home/shiny/anaconda3/envs/cdujlab/bin/python UNICOR.py crk_scenarioH.rip &> /home/shiny/data/logUNIC_crk_scenarioH.txt","/usr/bin/time -v /home/shiny/anaconda3/envs/cdujlab/bin/python /home/shiny/connecting-landscapes/src/crk.py /home/shiny/data/sabah_100.shp /home/shiny/data/size2.tif /home/shiny/data/out_crk_scenarioH.tif 1000000 linear 10000 1 &> /home/shiny/data/logCOLA_crk_scenarioH.txt","mat_scenarioH.rip","size2mat.rsg","logUNIC_mat_scenarioH.txt","logCOLA_mat_scenarioH.txt","size2mat_sabah_100","out_mat_scenarioH.csv","/usr/bin/time -v /home/shiny/anaconda3/envs/cdujlab/bin/python UNICOR.py mat_scenarioH.rip &> /home/shiny/data/logUNIC_mat_scenarioH.txt","/usr/bin/time -v /home/shiny/anaconda3/envs/cdujlab/bin/python /home/shiny/connecting-landscapes/src/create_cdmat.py /home/shiny/data/sabah_100.shp /home/shiny/data/size2.tif /home/shiny/data/out_mat_scenarioH.csv 100000 1 &> /home/shiny/data/logCOLA_mat_scenarioH.txt"
"9","sabah_20.xy","size2_side10px_100totpix.rsg","sabah_20.shp","size2.rsg","size2.tif","I","scenarioI","lcc_scenarioI.rip","size2lcc.rsg","logUNIC_lcc_scenarioI.txt","logCOLA_lcc_scenarioI.txt","size2lcc_sabah_20","out_lcc_scenarioI.tif","/usr/bin/time -v /home/shiny/anaconda3/envs/cdujlab/bin/python UNICOR.py lcc_scenarioI.rip &> /home/shiny/data/logUNIC_lcc_scenarioI.txt","/usr/bin/time -v /home/shiny/anaconda3/envs/cdujlab/bin/python /home/shiny/connecting-landscapes/src/lcc.py /home/shiny/data/sabah_20.shp /home/shiny/data/size2.tif /home/shiny/data/out_lcc_scenarioI.tif 100000 2 100 1 &> /home/shiny/data/logCOLA_lcc_scenarioI.txt","crk_scenarioI.rip","size2crk.rsg","logUNIC_crk_scenarioI.txt","logCOLA_crk_scenarioI.txt","size2crk_sabah_20","out_crk_scenarioI.tif","/usr/bin/time -v /home/shiny/anaconda3/envs/cdujlab/bin/python UNICOR.py crk_scenarioI.rip &> /home/shiny/data/logUNIC_crk_scenarioI.txt","/usr/bin/time -v /home/shiny/anaconda3/envs/cdujlab/bin/python /home/shiny/connecting-landscapes/src/crk.py /home/shiny/data/sabah_20.shp /home/shiny/data/size2.tif /home/shiny/data/out_crk_scenarioI.tif 1000000 linear 10000 1 &> /home/shiny/data/logCOLA_crk_scenarioI.txt","mat_scenarioI.rip","size2mat.rsg","logUNIC_mat_scenarioI.txt","logCOLA_mat_scenarioI.txt","size2mat_sabah_20","out_mat_scenarioI.csv","/usr/bin/time -v /home/shiny/anaconda3/envs/cdujlab/bin/python UNICOR.py mat_scenarioI.rip &> /home/shiny/data/logUNIC_mat_scenarioI.txt","/usr/bin/time -v /home/shiny/anaconda3/envs/cdujlab/bin/python /home/shiny/connecting-landscapes/src/create_cdmat.py /home/shiny/data/sabah_20.shp /home/shiny/data/size2.tif /home/shiny/data/out_mat_scenarioI.csv 100000 1 &> /home/shiny/data/logCOLA_mat_scenarioI.txt"
"10","sabah_200.xy","size2_side10px_100totpix.rsg","sabah_200.shp","size2.rsg","size2.tif","J","scenarioJ","lcc_scenarioJ.rip","size2lcc.rsg","logUNIC_lcc_scenarioJ.txt","logCOLA_lcc_scenarioJ.txt","size2lcc_sabah_200","out_lcc_scenarioJ.tif","/usr/bin/time -v /home/shiny/anaconda3/envs/cdujlab/bin/python UNICOR.py lcc_scenarioJ.rip &> /home/shiny/data/logUNIC_lcc_scenarioJ.txt","/usr/bin/time -v /home/shiny/anaconda3/envs/cdujlab/bin/python /home/shiny/connecting-landscapes/src/lcc.py /home/shiny/data/sabah_200.shp /home/shiny/data/size2.tif /home/shiny/data/out_lcc_scenarioJ.tif 100000 2 100 1 &> /home/shiny/data/logCOLA_lcc_scenarioJ.txt","crk_scenarioJ.rip","size2crk.rsg","logUNIC_crk_scenarioJ.txt","logCOLA_crk_scenarioJ.txt","size2crk_sabah_200","out_crk_scenarioJ.tif","/usr/bin/time -v /home/shiny/anaconda3/envs/cdujlab/bin/python UNICOR.py crk_scenarioJ.rip &> /home/shiny/data/logUNIC_crk_scenarioJ.txt","/usr/bin/time -v /home/shiny/anaconda3/envs/cdujlab/bin/python /home/shiny/connecting-landscapes/src/crk.py /home/shiny/data/sabah_200.shp /home/shiny/data/size2.tif /home/shiny/data/out_crk_scenarioJ.tif 1000000 linear 10000 1 &> /home/shiny/data/logCOLA_crk_scenarioJ.txt","mat_scenarioJ.rip","size2mat.rsg","logUNIC_mat_scenarioJ.txt","logCOLA_mat_scenarioJ.txt","size2mat_sabah_200","out_mat_scenarioJ.csv","/usr/bin/time -v /home/shiny/anaconda3/envs/cdujlab/bin/python UNICOR.py mat_scenarioJ.rip &> /home/shiny/data/logUNIC_mat_scenarioJ.txt","/usr/bin/time -v /home/shiny/anaconda3/envs/cdujlab/bin/python /home/shiny/connecting-landscapes/src/create_cdmat.py /home/shiny/data/sabah_200.shp /home/shiny/data/size2.tif /home/shiny/data/out_mat_scenarioJ.csv 100000 1 &> /home/shiny/data/logCOLA_mat_scenarioJ.txt"
"11","sabah_50.xy","size2_side10px_100totpix.rsg","sabah_50.shp","size2.rsg","size2.tif","K","scenarioK","lcc_scenarioK.rip","size2lcc.rsg","logUNIC_lcc_scenarioK.txt","logCOLA_lcc_scenarioK.txt","size2lcc_sabah_50","out_lcc_scenarioK.tif","/usr/bin/time -v /home/shiny/anaconda3/envs/cdujlab/bin/python UNICOR.py lcc_scenarioK.rip &> /home/shiny/data/logUNIC_lcc_scenarioK.txt","/usr/bin/time -v /home/shiny/anaconda3/envs/cdujlab/bin/python /home/shiny/connecting-landscapes/src/lcc.py /home/shiny/data/sabah_50.shp /home/shiny/data/size2.tif /home/shiny/data/out_lcc_scenarioK.tif 100000 2 100 1 &> /home/shiny/data/logCOLA_lcc_scenarioK.txt","crk_scenarioK.rip","size2crk.rsg","logUNIC_crk_scenarioK.txt","logCOLA_crk_scenarioK.txt","size2crk_sabah_50","out_crk_scenarioK.tif","/usr/bin/time -v /home/shiny/anaconda3/envs/cdujlab/bin/python UNICOR.py crk_scenarioK.rip &> /home/shiny/data/logUNIC_crk_scenarioK.txt","/usr/bin/time -v /home/shiny/anaconda3/envs/cdujlab/bin/python /home/shiny/connecting-landscapes/src/crk.py /home/shiny/data/sabah_50.shp /home/shiny/data/size2.tif /home/shiny/data/out_crk_scenarioK.tif 1000000 linear 10000 1 &> /home/shiny/data/logCOLA_crk_scenarioK.txt","mat_scenarioK.rip","size2mat.rsg","logUNIC_mat_scenarioK.txt","logCOLA_mat_scenarioK.txt","size2mat_sabah_50","out_mat_scenarioK.csv","/usr/bin/time -v /home/shiny/anaconda3/envs/cdujlab/bin/python UNICOR.py mat_scenarioK.rip &> /home/shiny/data/logUNIC_mat_scenarioK.txt","/usr/bin/time -v /home/shiny/anaconda3/envs/cdujlab/bin/python /home/shiny/connecting-landscapes/src/create_cdmat.py /home/shiny/data/sabah_50.shp /home/shiny/data/size2.tif /home/shiny/data/out_mat_scenarioK.csv 100000 1 &> /home/shiny/data/logCOLA_mat_scenarioK.txt"
"12","sabah_500.xy","size2_side10px_100totpix.rsg","sabah_500.shp","size2.rsg","size2.tif","L","scenarioL","lcc_scenarioL.rip","size2lcc.rsg","logUNIC_lcc_scenarioL.txt","logCOLA_lcc_scenarioL.txt","size2lcc_sabah_500","out_lcc_scenarioL.tif","/usr/bin/time -v /home/shiny/anaconda3/envs/cdujlab/bin/python UNICOR.py lcc_scenarioL.rip &> /home/shiny/data/logUNIC_lcc_scenarioL.txt","/usr/bin/time -v /home/shiny/anaconda3/envs/cdujlab/bin/python /home/shiny/connecting-landscapes/src/lcc.py /home/shiny/data/sabah_500.shp /home/shiny/data/size2.tif /home/shiny/data/out_lcc_scenarioL.tif 100000 2 100 1 &> /home/shiny/data/logCOLA_lcc_scenarioL.txt","crk_scenarioL.rip","size2crk.rsg","logUNIC_crk_scenarioL.txt","logCOLA_crk_scenarioL.txt","size2crk_sabah_500","out_crk_scenarioL.tif","/usr/bin/time -v /home/shiny/anaconda3/envs/cdujlab/bin/python UNICOR.py crk_scenarioL.rip &> /home/shiny/data/logUNIC_crk_scenarioL.txt","/usr/bin/time -v /home/shiny/anaconda3/envs/cdujlab/bin/python /home/shiny/connecting-landscapes/src/crk.py /home/shiny/data/sabah_500.shp /home/shiny/data/size2.tif /home/shiny/data/out_crk_scenarioL.tif 1000000 linear 10000 1 &> /home/shiny/data/logCOLA_crk_scenarioL.txt","mat_scenarioL.rip","size2mat.rsg","logUNIC_mat_scenarioL.txt","logCOLA_mat_scenarioL.txt","size2mat_sabah_500","out_mat_scenarioL.csv","/usr/bin/time -v /home/shiny/anaconda3/envs/cdujlab/bin/python UNICOR.py mat_scenarioL.rip &> /home/shiny/data/logUNIC_mat_scenarioL.txt","/usr/bin/time -v /home/shiny/anaconda3/envs/cdujlab/bin/python /home/shiny/connecting-landscapes/src/create_cdmat.py /home/shiny/data/sabah_500.shp /home/shiny/data/size2.tif /home/shiny/data/out_mat_scenarioL.csv 100000 1 &> /home/shiny/data/logCOLA_mat_scenarioL.txt"
"13","sabah_10.xy","size3_side31px_1000totpix.rsg","sabah_10.shp","size3.rsg","size3.tif","M","scenarioM","lcc_scenarioM.rip","size3lcc.rsg","logUNIC_lcc_scenarioM.txt","logCOLA_lcc_scenarioM.txt","size3lcc_sabah_10","out_lcc_scenarioM.tif","/usr/bin/time -v /home/shiny/anaconda3/envs/cdujlab/bin/python UNICOR.py lcc_scenarioM.rip &> /home/shiny/data/logUNIC_lcc_scenarioM.txt","/usr/bin/time -v /home/shiny/anaconda3/envs/cdujlab/bin/python /home/shiny/connecting-landscapes/src/lcc.py /home/shiny/data/sabah_10.shp /home/shiny/data/size3.tif /home/shiny/data/out_lcc_scenarioM.tif 100000 2 100 1 &> /home/shiny/data/logCOLA_lcc_scenarioM.txt","crk_scenarioM.rip","size3crk.rsg","logUNIC_crk_scenarioM.txt","logCOLA_crk_scenarioM.txt","size3crk_sabah_10","out_crk_scenarioM.tif","/usr/bin/time -v /home/shiny/anaconda3/envs/cdujlab/bin/python UNICOR.py crk_scenarioM.rip &> /home/shiny/data/logUNIC_crk_scenarioM.txt","/usr/bin/time -v /home/shiny/anaconda3/envs/cdujlab/bin/python /home/shiny/connecting-landscapes/src/crk.py /home/shiny/data/sabah_10.shp /home/shiny/data/size3.tif /home/shiny/data/out_crk_scenarioM.tif 1000000 linear 10000 1 &> /home/shiny/data/logCOLA_crk_scenarioM.txt","mat_scenarioM.rip","size3mat.rsg","logUNIC_mat_scenarioM.txt","logCOLA_mat_scenarioM.txt","size3mat_sabah_10","out_mat_scenarioM.csv","/usr/bin/time -v /home/shiny/anaconda3/envs/cdujlab/bin/python UNICOR.py mat_scenarioM.rip &> /home/shiny/data/logUNIC_mat_scenarioM.txt","/usr/bin/time -v /home/shiny/anaconda3/envs/cdujlab/bin/python /home/shiny/connecting-landscapes/src/create_cdmat.py /home/shiny/data/sabah_10.shp /home/shiny/data/size3.tif /home/shiny/data/out_mat_scenarioM.csv 100000 1 &> /home/shiny/data/logCOLA_mat_scenarioM.txt"
"14","sabah_100.xy","size3_side31px_1000totpix.rsg","sabah_100.shp","size3.rsg","size3.tif","N","scenarioN","lcc_scenarioN.rip","size3lcc.rsg","logUNIC_lcc_scenarioN.txt","logCOLA_lcc_scenarioN.txt","size3lcc_sabah_100","out_lcc_scenarioN.tif","/usr/bin/time -v /home/shiny/anaconda3/envs/cdujlab/bin/python UNICOR.py lcc_scenarioN.rip &> /home/shiny/data/logUNIC_lcc_scenarioN.txt","/usr/bin/time -v /home/shiny/anaconda3/envs/cdujlab/bin/python /home/shiny/connecting-landscapes/src/lcc.py /home/shiny/data/sabah_100.shp /home/shiny/data/size3.tif /home/shiny/data/out_lcc_scenarioN.tif 100000 2 100 1 &> /home/shiny/data/logCOLA_lcc_scenarioN.txt","crk_scenarioN.rip","size3crk.rsg","logUNIC_crk_scenarioN.txt","logCOLA_crk_scenarioN.txt","size3crk_sabah_100","out_crk_scenarioN.tif","/usr/bin/time -v /home/shiny/anaconda3/envs/cdujlab/bin/python UNICOR.py crk_scenarioN.rip &> /home/shiny/data/logUNIC_crk_scenarioN.txt","/usr/bin/time -v /home/shiny/anaconda3/envs/cdujlab/bin/python /home/shiny/connecting-landscapes/src/crk.py /home/shiny/data/sabah_100.shp /home/shiny/data/size3.tif /home/shiny/data/out_crk_scenarioN.tif 1000000 linear 10000 1 &> /home/shiny/data/logCOLA_crk_scenarioN.txt","mat_scenarioN.rip","size3mat.rsg","logUNIC_mat_scenarioN.txt","logCOLA_mat_scenarioN.txt","size3mat_sabah_100","out_mat_scenarioN.csv","/usr/bin/time -v /home/shiny/anaconda3/envs/cdujlab/bin/python UNICOR.py mat_scenarioN.rip &> /home/shiny/data/logUNIC_mat_scenarioN.txt","/usr/bin/time -v /home/shiny/anaconda3/envs/cdujlab/bin/python /home/shiny/connecting-landscapes/src/create_cdmat.py /home/shiny/data/sabah_100.shp /home/shiny/data/size3.tif /home/shiny/data/out_mat_scenarioN.csv 100000 1 &> /home/shiny/data/logCOLA_mat_scenarioN.txt"
"15","sabah_20.xy","size3_side31px_1000totpix.rsg","sabah_20.shp","size3.rsg","size3.tif","O","scenarioO","lcc_scenarioO.rip","size3lcc.rsg","logUNIC_lcc_scenarioO.txt","logCOLA_lcc_scenarioO.txt","size3lcc_sabah_20","out_lcc_scenarioO.tif","/usr/bin/time -v /home/shiny/anaconda3/envs/cdujlab/bin/python UNICOR.py lcc_scenarioO.rip &> /home/shiny/data/logUNIC_lcc_scenarioO.txt","/usr/bin/time -v /home/shiny/anaconda3/envs/cdujlab/bin/python /home/shiny/connecting-landscapes/src/lcc.py /home/shiny/data/sabah_20.shp /home/shiny/data/size3.tif /home/shiny/data/out_lcc_scenarioO.tif 100000 2 100 1 &> /home/shiny/data/logCOLA_lcc_scenarioO.txt","crk_scenarioO.rip","size3crk.rsg","logUNIC_crk_scenarioO.txt","logCOLA_crk_scenarioO.txt","size3crk_sabah_20","out_crk_scenarioO.tif","/usr/bin/time -v /home/shiny/anaconda3/envs/cdujlab/bin/python UNICOR.py crk_scenarioO.rip &> /home/shiny/data/logUNIC_crk_scenarioO.txt","/usr/bin/time -v /home/shiny/anaconda3/envs/cdujlab/bin/python /home/shiny/connecting-landscapes/src/crk.py /home/shiny/data/sabah_20.shp /home/shiny/data/size3.tif /home/shiny/data/out_crk_scenarioO.tif 1000000 linear 10000 1 &> /home/shiny/data/logCOLA_crk_scenarioO.txt","mat_scenarioO.rip","size3mat.rsg","logUNIC_mat_scenarioO.txt","logCOLA_mat_scenarioO.txt","size3mat_sabah_20","out_mat_scenarioO.csv","/usr/bin/time -v /home/shiny/anaconda3/envs/cdujlab/bin/python UNICOR.py mat_scenarioO.rip &> /home/shiny/data/logUNIC_mat_scenarioO.txt","/usr/bin/time -v /home/shiny/anaconda3/envs/cdujlab/bin/python /home/shiny/connecting-landscapes/src/create_cdmat.py /home/shiny/data/sabah_20.shp /home/shiny/data/size3.tif /home/shiny/data/out_mat_scenarioO.csv 100000 1 &> /home/shiny/data/logCOLA_mat_scenarioO.txt"
"16","sabah_200.xy","size3_side31px_1000totpix.rsg","sabah_200.shp","size3.rsg","size3.tif","P","scenarioP","lcc_scenarioP.rip","size3lcc.rsg","logUNIC_lcc_scenarioP.txt","logCOLA_lcc_scenarioP.txt","size3lcc_sabah_200","out_lcc_scenarioP.tif","/usr/bin/time -v /home/shiny/anaconda3/envs/cdujlab/bin/python UNICOR.py lcc_scenarioP.rip &> /home/shiny/data/logUNIC_lcc_scenarioP.txt","/usr/bin/time -v /home/shiny/anaconda3/envs/cdujlab/bin/python /home/shiny/connecting-landscapes/src/lcc.py /home/shiny/data/sabah_200.shp /home/shiny/data/size3.tif /home/shiny/data/out_lcc_scenarioP.tif 100000 2 100 1 &> /home/shiny/data/logCOLA_lcc_scenarioP.txt","crk_scenarioP.rip","size3crk.rsg","logUNIC_crk_scenarioP.txt","logCOLA_crk_scenarioP.txt","size3crk_sabah_200","out_crk_scenarioP.tif","/usr/bin/time -v /home/shiny/anaconda3/envs/cdujlab/bin/python UNICOR.py crk_scenarioP.rip &> /home/shiny/data/logUNIC_crk_scenarioP.txt","/usr/bin/time -v /home/shiny/anaconda3/envs/cdujlab/bin/python /home/shiny/connecting-landscapes/src/crk.py /home/shiny/data/sabah_200.shp /home/shiny/data/size3.tif /home/shiny/data/out_crk_scenarioP.tif 1000000 linear 10000 1 &> /home/shiny/data/logCOLA_crk_scenarioP.txt","mat_scenarioP.rip","size3mat.rsg","logUNIC_mat_scenarioP.txt","logCOLA_mat_scenarioP.txt","size3mat_sabah_200","out_mat_scenarioP.csv","/usr/bin/time -v /home/shiny/anaconda3/envs/cdujlab/bin/python UNICOR.py mat_scenarioP.rip &> /home/shiny/data/logUNIC_mat_scenarioP.txt","/usr/bin/time -v /home/shiny/anaconda3/envs/cdujlab/bin/python /home/shiny/connecting-landscapes/src/create_cdmat.py /home/shiny/data/sabah_200.shp /home/shiny/data/size3.tif /home/shiny/data/out_mat_scenarioP.csv 100000 1 &> /home/shiny/data/logCOLA_mat_scenarioP.txt"
"17","sabah_50.xy","size3_side31px_1000totpix.rsg","sabah_50.shp","size3.rsg","size3.tif","Q","scenarioQ","lcc_scenarioQ.rip","size3lcc.rsg","logUNIC_lcc_scenarioQ.txt","logCOLA_lcc_scenarioQ.txt","size3lcc_sabah_50","out_lcc_scenarioQ.tif","/usr/bin/time -v /home/shiny/anaconda3/envs/cdujlab/bin/python UNICOR.py lcc_scenarioQ.rip &> /home/shiny/data/logUNIC_lcc_scenarioQ.txt","/usr/bin/time -v /home/shiny/anaconda3/envs/cdujlab/bin/python /home/shiny/connecting-landscapes/src/lcc.py /home/shiny/data/sabah_50.shp /home/shiny/data/size3.tif /home/shiny/data/out_lcc_scenarioQ.tif 100000 2 100 1 &> /home/shiny/data/logCOLA_lcc_scenarioQ.txt","crk_scenarioQ.rip","size3crk.rsg","logUNIC_crk_scenarioQ.txt","logCOLA_crk_scenarioQ.txt","size3crk_sabah_50","out_crk_scenarioQ.tif","/usr/bin/time -v /home/shiny/anaconda3/envs/cdujlab/bin/python UNICOR.py crk_scenarioQ.rip &> /home/shiny/data/logUNIC_crk_scenarioQ.txt","/usr/bin/time -v /home/shiny/anaconda3/envs/cdujlab/bin/python /home/shiny/connecting-landscapes/src/crk.py /home/shiny/data/sabah_50.shp /home/shiny/data/size3.tif /home/shiny/data/out_crk_scenarioQ.tif 1000000 linear 10000 1 &> /home/shiny/data/logCOLA_crk_scenarioQ.txt","mat_scenarioQ.rip","size3mat.rsg","logUNIC_mat_scenarioQ.txt","logCOLA_mat_scenarioQ.txt","size3mat_sabah_50","out_mat_scenarioQ.csv","/usr/bin/time -v /home/shiny/anaconda3/envs/cdujlab/bin/python UNICOR.py mat_scenarioQ.rip &> /home/shiny/data/logUNIC_mat_scenarioQ.txt","/usr/bin/time -v /home/shiny/anaconda3/envs/cdujlab/bin/python /home/shiny/connecting-landscapes/src/create_cdmat.py /home/shiny/data/sabah_50.shp /home/shiny/data/size3.tif /home/shiny/data/out_mat_scenarioQ.csv 100000 1 &> /home/shiny/data/logCOLA_mat_scenarioQ.txt"
"18","sabah_500.xy","size3_side31px_1000totpix.rsg","sabah_500.shp","size3.rsg","size3.tif","R","scenarioR","lcc_scenarioR.rip","size3lcc.rsg","logUNIC_lcc_scenarioR.txt","logCOLA_lcc_scenarioR.txt","size3lcc_sabah_500","out_lcc_scenarioR.tif","/usr/bin/time -v /home/shiny/anaconda3/envs/cdujlab/bin/python UNICOR.py lcc_scenarioR.rip &> /home/shiny/data/logUNIC_lcc_scenarioR.txt","/usr/bin/time -v /home/shiny/anaconda3/envs/cdujlab/bin/python /home/shiny/connecting-landscapes/src/lcc.py /home/shiny/data/sabah_500.shp /home/shiny/data/size3.tif /home/shiny/data/out_lcc_scenarioR.tif 100000 2 100 1 &> /home/shiny/data/logCOLA_lcc_scenarioR.txt","crk_scenarioR.rip","size3crk.rsg","logUNIC_crk_scenarioR.txt","logCOLA_crk_scenarioR.txt","size3crk_sabah_500","out_crk_scenarioR.tif","/usr/bin/time -v /home/shiny/anaconda3/envs/cdujlab/bin/python UNICOR.py crk_scenarioR.rip &> /home/shiny/data/logUNIC_crk_scenarioR.txt","/usr/bin/time -v /home/shiny/anaconda3/envs/cdujlab/bin/python /home/shiny/connecting-landscapes/src/crk.py /home/shiny/data/sabah_500.shp /home/shiny/data/size3.tif /home/shiny/data/out_crk_scenarioR.tif 1000000 linear 10000 1 &> /home/shiny/data/logCOLA_crk_scenarioR.txt","mat_scenarioR.rip","size3mat.rsg","logUNIC_mat_scenarioR.txt","logCOLA_mat_scenarioR.txt","size3mat_sabah_500","out_mat_scenarioR.csv","/usr/bin/time -v /home/shiny/anaconda3/envs/cdujlab/bin/python UNICOR.py mat_scenarioR.rip &> /home/shiny/data/logUNIC_mat_scenarioR.txt","/usr/bin/time -v /home/shiny/anaconda3/envs/cdujlab/bin/python /home/shiny/connecting-landscapes/src/create_cdmat.py /home/shiny/data/sabah_500.shp /home/shiny/data/size3.tif /home/shiny/data/out_mat_scenarioR.csv 100000 1 &> /home/shiny/data/logCOLA_mat_scenarioR.txt"
"19","sabah_10.xy","size4_side100px_10000totpix.rsg","sabah_10.shp","size4.rsg","size4.tif","S","scenarioS","lcc_scenarioS.rip","size4lcc.rsg","logUNIC_lcc_scenarioS.txt","logCOLA_lcc_scenarioS.txt","size4lcc_sabah_10","out_lcc_scenarioS.tif","/usr/bin/time -v /home/shiny/anaconda3/envs/cdujlab/bin/python UNICOR.py lcc_scenarioS.rip &> /home/shiny/data/logUNIC_lcc_scenarioS.txt","/usr/bin/time -v /home/shiny/anaconda3/envs/cdujlab/bin/python /home/shiny/connecting-landscapes/src/lcc.py /home/shiny/data/sabah_10.shp /home/shiny/data/size4.tif /home/shiny/data/out_lcc_scenarioS.tif 100000 2 100 1 &> /home/shiny/data/logCOLA_lcc_scenarioS.txt","crk_scenarioS.rip","size4crk.rsg","logUNIC_crk_scenarioS.txt","logCOLA_crk_scenarioS.txt","size4crk_sabah_10","out_crk_scenarioS.tif","/usr/bin/time -v /home/shiny/anaconda3/envs/cdujlab/bin/python UNICOR.py crk_scenarioS.rip &> /home/shiny/data/logUNIC_crk_scenarioS.txt","/usr/bin/time -v /home/shiny/anaconda3/envs/cdujlab/bin/python /home/shiny/connecting-landscapes/src/crk.py /home/shiny/data/sabah_10.shp /home/shiny/data/size4.tif /home/shiny/data/out_crk_scenarioS.tif 1000000 linear 10000 1 &> /home/shiny/data/logCOLA_crk_scenarioS.txt","mat_scenarioS.rip","size4mat.rsg","logUNIC_mat_scenarioS.txt","logCOLA_mat_scenarioS.txt","size4mat_sabah_10","out_mat_scenarioS.csv","/usr/bin/time -v /home/shiny/anaconda3/envs/cdujlab/bin/python UNICOR.py mat_scenarioS.rip &> /home/shiny/data/logUNIC_mat_scenarioS.txt","/usr/bin/time -v /home/shiny/anaconda3/envs/cdujlab/bin/python /home/shiny/connecting-landscapes/src/create_cdmat.py /home/shiny/data/sabah_10.shp /home/shiny/data/size4.tif /home/shiny/data/out_mat_scenarioS.csv 100000 1 &> /home/shiny/data/logCOLA_mat_scenarioS.txt"
"20","sabah_100.xy","size4_side100px_10000totpix.rsg","sabah_100.shp","size4.rsg","size4.tif","T","scenarioT","lcc_scenarioT.rip","size4lcc.rsg","logUNIC_lcc_scenarioT.txt","logCOLA_lcc_scenarioT.txt","size4lcc_sabah_100","out_lcc_scenarioT.tif","/usr/bin/time -v /home/shiny/anaconda3/envs/cdujlab/bin/python UNICOR.py lcc_scenarioT.rip &> /home/shiny/data/logUNIC_lcc_scenarioT.txt","/usr/bin/time -v /home/shiny/anaconda3/envs/cdujlab/bin/python /home/shiny/connecting-landscapes/src/lcc.py /home/shiny/data/sabah_100.shp /home/shiny/data/size4.tif /home/shiny/data/out_lcc_scenarioT.tif 100000 2 100 1 &> /home/shiny/data/logCOLA_lcc_scenarioT.txt","crk_scenarioT.rip","size4crk.rsg","logUNIC_crk_scenarioT.txt","logCOLA_crk_scenarioT.txt","size4crk_sabah_100","out_crk_scenarioT.tif","/usr/bin/time -v /home/shiny/anaconda3/envs/cdujlab/bin/python UNICOR.py crk_scenarioT.rip &> /home/shiny/data/logUNIC_crk_scenarioT.txt","/usr/bin/time -v /home/shiny/anaconda3/envs/cdujlab/bin/python /home/shiny/connecting-landscapes/src/crk.py /home/shiny/data/sabah_100.shp /home/shiny/data/size4.tif /home/shiny/data/out_crk_scenarioT.tif 1000000 linear 10000 1 &> /home/shiny/data/logCOLA_crk_scenarioT.txt","mat_scenarioT.rip","size4mat.rsg","logUNIC_mat_scenarioT.txt","logCOLA_mat_scenarioT.txt","size4mat_sabah_100","out_mat_scenarioT.csv","/usr/bin/time -v /home/shiny/anaconda3/envs/cdujlab/bin/python UNICOR.py mat_scenarioT.rip &> /home/shiny/data/logUNIC_mat_scenarioT.txt","/usr/bin/time -v /home/shiny/anaconda3/envs/cdujlab/bin/python /home/shiny/connecting-landscapes/src/create_cdmat.py /home/shiny/data/sabah_100.shp /home/shiny/data/size4.tif /home/shiny/data/out_mat_scenarioT.csv 100000 1 &> /home/shiny/data/logCOLA_mat_scenarioT.txt"
"21","sabah_20.xy","size4_side100px_10000totpix.rsg","sabah_20.shp","size4.rsg","size4.tif","U","scenarioU","lcc_scenarioU.rip","size4lcc.rsg","logUNIC_lcc_scenarioU.txt","logCOLA_lcc_scenarioU.txt","size4lcc_sabah_20","out_lcc_scenarioU.tif","/usr/bin/time -v /home/shiny/anaconda3/envs/cdujlab/bin/python UNICOR.py lcc_scenarioU.rip &> /home/shiny/data/logUNIC_lcc_scenarioU.txt","/usr/bin/time -v /home/shiny/anaconda3/envs/cdujlab/bin/python /home/shiny/connecting-landscapes/src/lcc.py /home/shiny/data/sabah_20.shp /home/shiny/data/size4.tif /home/shiny/data/out_lcc_scenarioU.tif 100000 2 100 1 &> /home/shiny/data/logCOLA_lcc_scenarioU.txt","crk_scenarioU.rip","size4crk.rsg","logUNIC_crk_scenarioU.txt","logCOLA_crk_scenarioU.txt","size4crk_sabah_20","out_crk_scenarioU.tif","/usr/bin/time -v /home/shiny/anaconda3/envs/cdujlab/bin/python UNICOR.py crk_scenarioU.rip &> /home/shiny/data/logUNIC_crk_scenarioU.txt","/usr/bin/time -v /home/shiny/anaconda3/envs/cdujlab/bin/python /home/shiny/connecting-landscapes/src/crk.py /home/shiny/data/sabah_20.shp /home/shiny/data/size4.tif /home/shiny/data/out_crk_scenarioU.tif 1000000 linear 10000 1 &> /home/shiny/data/logCOLA_crk_scenarioU.txt","mat_scenarioU.rip","size4mat.rsg","logUNIC_mat_scenarioU.txt","logCOLA_mat_scenarioU.txt","size4mat_sabah_20","out_mat_scenarioU.csv","/usr/bin/time -v /home/shiny/anaconda3/envs/cdujlab/bin/python UNICOR.py mat_scenarioU.rip &> /home/shiny/data/logUNIC_mat_scenarioU.txt","/usr/bin/time -v /home/shiny/anaconda3/envs/cdujlab/bin/python /home/shiny/connecting-landscapes/src/create_cdmat.py /home/shiny/data/sabah_20.shp /home/shiny/data/size4.tif /home/shiny/data/out_mat_scenarioU.csv 100000 1 &> /home/shiny/data/logCOLA_mat_scenarioU.txt"
"22","sabah_200.xy","size4_side100px_10000totpix.rsg","sabah_200.shp","size4.rsg","size4.tif","V","scenarioV","lcc_scenarioV.rip","size4lcc.rsg","logUNIC_lcc_scenarioV.txt","logCOLA_lcc_scenarioV.txt","size4lcc_sabah_200","out_lcc_scenarioV.tif","/usr/bin/time -v /home/shiny/anaconda3/envs/cdujlab/bin/python UNICOR.py lcc_scenarioV.rip &> /home/shiny/data/logUNIC_lcc_scenarioV.txt","/usr/bin/time -v /home/shiny/anaconda3/envs/cdujlab/bin/python /home/shiny/connecting-landscapes/src/lcc.py /home/shiny/data/sabah_200.shp /home/shiny/data/size4.tif /home/shiny/data/out_lcc_scenarioV.tif 100000 2 100 1 &> /home/shiny/data/logCOLA_lcc_scenarioV.txt","crk_scenarioV.rip","size4crk.rsg","logUNIC_crk_scenarioV.txt","logCOLA_crk_scenarioV.txt","size4crk_sabah_200","out_crk_scenarioV.tif","/usr/bin/time -v /home/shiny/anaconda3/envs/cdujlab/bin/python UNICOR.py crk_scenarioV.rip &> /home/shiny/data/logUNIC_crk_scenarioV.txt","/usr/bin/time -v /home/shiny/anaconda3/envs/cdujlab/bin/python /home/shiny/connecting-landscapes/src/crk.py /home/shiny/data/sabah_200.shp /home/shiny/data/size4.tif /home/shiny/data/out_crk_scenarioV.tif 1000000 linear 10000 1 &> /home/shiny/data/logCOLA_crk_scenarioV.txt","mat_scenarioV.rip","size4mat.rsg","logUNIC_mat_scenarioV.txt","logCOLA_mat_scenarioV.txt","size4mat_sabah_200","out_mat_scenarioV.csv","/usr/bin/time -v /home/shiny/anaconda3/envs/cdujlab/bin/python UNICOR.py mat_scenarioV.rip &> /home/shiny/data/logUNIC_mat_scenarioV.txt","/usr/bin/time -v /home/shiny/anaconda3/envs/cdujlab/bin/python /home/shiny/connecting-landscapes/src/create_cdmat.py /home/shiny/data/sabah_200.shp /home/shiny/data/size4.tif /home/shiny/data/out_mat_scenarioV.csv 100000 1 &> /home/shiny/data/logCOLA_mat_scenarioV.txt"
"23","sabah_50.xy","size4_side100px_10000totpix.rsg","sabah_50.shp","size4.rsg","size4.tif","W","scenarioW","lcc_scenarioW.rip","size4lcc.rsg","logUNIC_lcc_scenarioW.txt","logCOLA_lcc_scenarioW.txt","size4lcc_sabah_50","out_lcc_scenarioW.tif","/usr/bin/time -v /home/shiny/anaconda3/envs/cdujlab/bin/python UNICOR.py lcc_scenarioW.rip &> /home/shiny/data/logUNIC_lcc_scenarioW.txt","/usr/bin/time -v /home/shiny/anaconda3/envs/cdujlab/bin/python /home/shiny/connecting-landscapes/src/lcc.py /home/shiny/data/sabah_50.shp /home/shiny/data/size4.tif /home/shiny/data/out_lcc_scenarioW.tif 100000 2 100 1 &> /home/shiny/data/logCOLA_lcc_scenarioW.txt","crk_scenarioW.rip","size4crk.rsg","logUNIC_crk_scenarioW.txt","logCOLA_crk_scenarioW.txt","size4crk_sabah_50","out_crk_scenarioW.tif","/usr/bin/time -v /home/shiny/anaconda3/envs/cdujlab/bin/python UNICOR.py crk_scenarioW.rip &> /home/shiny/data/logUNIC_crk_scenarioW.txt","/usr/bin/time -v /home/shiny/anaconda3/envs/cdujlab/bin/python /home/shiny/connecting-landscapes/src/crk.py /home/shiny/data/sabah_50.shp /home/shiny/data/size4.tif /home/shiny/data/out_crk_scenarioW.tif 1000000 linear 10000 1 &> /home/shiny/data/logCOLA_crk_scenarioW.txt","mat_scenarioW.rip","size4mat.rsg","logUNIC_mat_scenarioW.txt","logCOLA_mat_scenarioW.txt","size4mat_sabah_50","out_mat_scenarioW.csv","/usr/bin/time -v /home/shiny/anaconda3/envs/cdujlab/bin/python UNICOR.py mat_scenarioW.rip &> /home/shiny/data/logUNIC_mat_scenarioW.txt","/usr/bin/time -v /home/shiny/anaconda3/envs/cdujlab/bin/python /home/shiny/connecting-landscapes/src/create_cdmat.py /home/shiny/data/sabah_50.shp /home/shiny/data/size4.tif /home/shiny/data/out_mat_scenarioW.csv 100000 1 &> /home/shiny/data/logCOLA_mat_scenarioW.txt"
"24","sabah_500.xy","size4_side100px_10000totpix.rsg","sabah_500.shp","size4.rsg","size4.tif","X","scenarioX","lcc_scenarioX.rip","size4lcc.rsg","logUNIC_lcc_scenarioX.txt","logCOLA_lcc_scenarioX.txt","size4lcc_sabah_500","out_lcc_scenarioX.tif","/usr/bin/time -v /home/shiny/anaconda3/envs/cdujlab/bin/python UNICOR.py lcc_scenarioX.rip &> /home/shiny/data/logUNIC_lcc_scenarioX.txt","/usr/bin/time -v /home/shiny/anaconda3/envs/cdujlab/bin/python /home/shiny/connecting-landscapes/src/lcc.py /home/shiny/data/sabah_500.shp /home/shiny/data/size4.tif /home/shiny/data/out_lcc_scenarioX.tif 100000 2 100 1 &> /home/shiny/data/logCOLA_lcc_scenarioX.txt","crk_scenarioX.rip","size4crk.rsg","logUNIC_crk_scenarioX.txt","logCOLA_crk_scenarioX.txt","size4crk_sabah_500","out_crk_scenarioX.tif","/usr/bin/time -v /home/shiny/anaconda3/envs/cdujlab/bin/python UNICOR.py crk_scenarioX.rip &> /home/shiny/data/logUNIC_crk_scenarioX.txt","/usr/bin/time -v /home/shiny/anaconda3/envs/cdujlab/bin/python /home/shiny/connecting-landscapes/src/crk.py /home/shiny/data/sabah_500.shp /home/shiny/data/size4.tif /home/shiny/data/out_crk_scenarioX.tif 1000000 linear 10000 1 &> /home/shiny/data/logCOLA_crk_scenarioX.txt","mat_scenarioX.rip","size4mat.rsg","logUNIC_mat_scenarioX.txt","logCOLA_mat_scenarioX.txt","size4mat_sabah_500","out_mat_scenarioX.csv","/usr/bin/time -v /home/shiny/anaconda3/envs/cdujlab/bin/python UNICOR.py mat_scenarioX.rip &> /home/shiny/data/logUNIC_mat_scenarioX.txt","/usr/bin/time -v /home/shiny/anaconda3/envs/cdujlab/bin/python /home/shiny/connecting-landscapes/src/create_cdmat.py /home/shiny/data/sabah_500.shp /home/shiny/data/size4.tif /home/shiny/data/out_mat_scenarioX.csv 100000 1 &> /home/shiny/data/logCOLA_mat_scenarioX.txt"
"25","sabah_10.xy","size5_side316px_100000totpix.rsg","sabah_10.shp","size5.rsg","size5.tif","Y","scenarioY","lcc_scenarioY.rip","size5lcc.rsg","logUNIC_lcc_scenarioY.txt","logCOLA_lcc_scenarioY.txt","size5lcc_sabah_10","out_lcc_scenarioY.tif","/usr/bin/time -v /home/shiny/anaconda3/envs/cdujlab/bin/python UNICOR.py lcc_scenarioY.rip &> /home/shiny/data/logUNIC_lcc_scenarioY.txt","/usr/bin/time -v /home/shiny/anaconda3/envs/cdujlab/bin/python /home/shiny/connecting-landscapes/src/lcc.py /home/shiny/data/sabah_10.shp /home/shiny/data/size5.tif /home/shiny/data/out_lcc_scenarioY.tif 100000 2 100 1 &> /home/shiny/data/logCOLA_lcc_scenarioY.txt","crk_scenarioY.rip","size5crk.rsg","logUNIC_crk_scenarioY.txt","logCOLA_crk_scenarioY.txt","size5crk_sabah_10","out_crk_scenarioY.tif","/usr/bin/time -v /home/shiny/anaconda3/envs/cdujlab/bin/python UNICOR.py crk_scenarioY.rip &> /home/shiny/data/logUNIC_crk_scenarioY.txt","/usr/bin/time -v /home/shiny/anaconda3/envs/cdujlab/bin/python /home/shiny/connecting-landscapes/src/crk.py /home/shiny/data/sabah_10.shp /home/shiny/data/size5.tif /home/shiny/data/out_crk_scenarioY.tif 1000000 linear 10000 1 &> /home/shiny/data/logCOLA_crk_scenarioY.txt","mat_scenarioY.rip","size5mat.rsg","logUNIC_mat_scenarioY.txt","logCOLA_mat_scenarioY.txt","size5mat_sabah_10","out_mat_scenarioY.csv","/usr/bin/time -v /home/shiny/anaconda3/envs/cdujlab/bin/python UNICOR.py mat_scenarioY.rip &> /home/shiny/data/logUNIC_mat_scenarioY.txt","/usr/bin/time -v /home/shiny/anaconda3/envs/cdujlab/bin/python /home/shiny/connecting-landscapes/src/create_cdmat.py /home/shiny/data/sabah_10.shp /home/shiny/data/size5.tif /home/shiny/data/out_mat_scenarioY.csv 100000 1 &> /home/shiny/data/logCOLA_mat_scenarioY.txt"
"26","sabah_100.xy","size5_side316px_100000totpix.rsg","sabah_100.shp","size5.rsg","size5.tif","Z","scenarioZ","lcc_scenarioZ.rip","size5lcc.rsg","logUNIC_lcc_scenarioZ.txt","logCOLA_lcc_scenarioZ.txt","size5lcc_sabah_100","out_lcc_scenarioZ.tif","/usr/bin/time -v /home/shiny/anaconda3/envs/cdujlab/bin/python UNICOR.py lcc_scenarioZ.rip &> /home/shiny/data/logUNIC_lcc_scenarioZ.txt","/usr/bin/time -v /home/shiny/anaconda3/envs/cdujlab/bin/python /home/shiny/connecting-landscapes/src/lcc.py /home/shiny/data/sabah_100.shp /home/shiny/data/size5.tif /home/shiny/data/out_lcc_scenarioZ.tif 100000 2 100 1 &> /home/shiny/data/logCOLA_lcc_scenarioZ.txt","crk_scenarioZ.rip","size5crk.rsg","logUNIC_crk_scenarioZ.txt","logCOLA_crk_scenarioZ.txt","size5crk_sabah_100","out_crk_scenarioZ.tif","/usr/bin/time -v /home/shiny/anaconda3/envs/cdujlab/bin/python UNICOR.py crk_scenarioZ.rip &> /home/shiny/data/logUNIC_crk_scenarioZ.txt","/usr/bin/time -v /home/shiny/anaconda3/envs/cdujlab/bin/python /home/shiny/connecting-landscapes/src/crk.py /home/shiny/data/sabah_100.shp /home/shiny/data/size5.tif /home/shiny/data/out_crk_scenarioZ.tif 1000000 linear 10000 1 &> /home/shiny/data/logCOLA_crk_scenarioZ.txt","mat_scenarioZ.rip","size5mat.rsg","logUNIC_mat_scenarioZ.txt","logCOLA_mat_scenarioZ.txt","size5mat_sabah_100","out_mat_scenarioZ.csv","/usr/bin/time -v /home/shiny/anaconda3/envs/cdujlab/bin/python UNICOR.py mat_scenarioZ.rip &> /home/shiny/data/logUNIC_mat_scenarioZ.txt","/usr/bin/time -v /home/shiny/anaconda3/envs/cdujlab/bin/python /home/shiny/connecting-landscapes/src/create_cdmat.py /home/shiny/data/sabah_100.shp /home/shiny/data/size5.tif /home/shiny/data/out_mat_scenarioZ.csv 100000 1 &> /home/shiny/data/logCOLA_mat_scenarioZ.txt"
"27","sabah_20.xy","size5_side316px_100000totpix.rsg","sabah_20.shp","size5.rsg","size5.tif","AA","scenarioAA","lcc_scenarioAA.rip","size5lcc.rsg","logUNIC_lcc_scenarioAA.txt","logCOLA_lcc_scenarioAA.txt","size5lcc_sabah_20","out_lcc_scenarioAA.tif","/usr/bin/time -v /home/shiny/anaconda3/envs/cdujlab/bin/python UNICOR.py lcc_scenarioAA.rip &> /home/shiny/data/logUNIC_lcc_scenarioAA.txt","/usr/bin/time -v /home/shiny/anaconda3/envs/cdujlab/bin/python /home/shiny/connecting-landscapes/src/lcc.py /home/shiny/data/sabah_20.shp /home/shiny/data/size5.tif /home/shiny/data/out_lcc_scenarioAA.tif 100000 2 100 1 &> /home/shiny/data/logCOLA_lcc_scenarioAA.txt","crk_scenarioAA.rip","size5crk.rsg","logUNIC_crk_scenarioAA.txt","logCOLA_crk_scenarioAA.txt","size5crk_sabah_20","out_crk_scenarioAA.tif","/usr/bin/time -v /home/shiny/anaconda3/envs/cdujlab/bin/python UNICOR.py crk_scenarioAA.rip &> /home/shiny/data/logUNIC_crk_scenarioAA.txt","/usr/bin/time -v /home/shiny/anaconda3/envs/cdujlab/bin/python /home/shiny/connecting-landscapes/src/crk.py /home/shiny/data/sabah_20.shp /home/shiny/data/size5.tif /home/shiny/data/out_crk_scenarioAA.tif 1000000 linear 10000 1 &> /home/shiny/data/logCOLA_crk_scenarioAA.txt","mat_scenarioAA.rip","size5mat.rsg","logUNIC_mat_scenarioAA.txt","logCOLA_mat_scenarioAA.txt","size5mat_sabah_20","out_mat_scenarioAA.csv","/usr/bin/time -v /home/shiny/anaconda3/envs/cdujlab/bin/python UNICOR.py mat_scenarioAA.rip &> /home/shiny/data/logUNIC_mat_scenarioAA.txt","/usr/bin/time -v /home/shiny/anaconda3/envs/cdujlab/bin/python /home/shiny/connecting-landscapes/src/create_cdmat.py /home/shiny/data/sabah_20.shp /home/shiny/data/size5.tif /home/shiny/data/out_mat_scenarioAA.csv 100000 1 &> /home/shiny/data/logCOLA_mat_scenarioAA.txt"
"28","sabah_200.xy","size5_side316px_100000totpix.rsg","sabah_200.shp","size5.rsg","size5.tif","AB","scenarioAB","lcc_scenarioAB.rip","size5lcc.rsg","logUNIC_lcc_scenarioAB.txt","logCOLA_lcc_scenarioAB.txt","size5lcc_sabah_200","out_lcc_scenarioAB.tif","/usr/bin/time -v /home/shiny/anaconda3/envs/cdujlab/bin/python UNICOR.py lcc_scenarioAB.rip &> /home/shiny/data/logUNIC_lcc_scenarioAB.txt","/usr/bin/time -v /home/shiny/anaconda3/envs/cdujlab/bin/python /home/shiny/connecting-landscapes/src/lcc.py /home/shiny/data/sabah_200.shp /home/shiny/data/size5.tif /home/shiny/data/out_lcc_scenarioAB.tif 100000 2 100 1 &> /home/shiny/data/logCOLA_lcc_scenarioAB.txt","crk_scenarioAB.rip","size5crk.rsg","logUNIC_crk_scenarioAB.txt","logCOLA_crk_scenarioAB.txt","size5crk_sabah_200","out_crk_scenarioAB.tif","/usr/bin/time -v /home/shiny/anaconda3/envs/cdujlab/bin/python UNICOR.py crk_scenarioAB.rip &> /home/shiny/data/logUNIC_crk_scenarioAB.txt","/usr/bin/time -v /home/shiny/anaconda3/envs/cdujlab/bin/python /home/shiny/connecting-landscapes/src/crk.py /home/shiny/data/sabah_200.shp /home/shiny/data/size5.tif /home/shiny/data/out_crk_scenarioAB.tif 1000000 linear 10000 1 &> /home/shiny/data/logCOLA_crk_scenarioAB.txt","mat_scenarioAB.rip","size5mat.rsg","logUNIC_mat_scenarioAB.txt","logCOLA_mat_scenarioAB.txt","size5mat_sabah_200","out_mat_scenarioAB.csv","/usr/bin/time -v /home/shiny/anaconda3/envs/cdujlab/bin/python UNICOR.py mat_scenarioAB.rip &> /home/shiny/data/logUNIC_mat_scenarioAB.txt","/usr/bin/time -v /home/shiny/anaconda3/envs/cdujlab/bin/python /home/shiny/connecting-landscapes/src/create_cdmat.py /home/shiny/data/sabah_200.shp /home/shiny/data/size5.tif /home/shiny/data/out_mat_scenarioAB.csv 100000 1 &> /home/shiny/data/logCOLA_mat_scenarioAB.txt"
"29","sabah_50.xy","size5_side316px_100000totpix.rsg","sabah_50.shp","size5.rsg","size5.tif","AC","scenarioAC","lcc_scenarioAC.rip","size5lcc.rsg","logUNIC_lcc_scenarioAC.txt","logCOLA_lcc_scenarioAC.txt","size5lcc_sabah_50","out_lcc_scenarioAC.tif","/usr/bin/time -v /home/shiny/anaconda3/envs/cdujlab/bin/python UNICOR.py lcc_scenarioAC.rip &> /home/shiny/data/logUNIC_lcc_scenarioAC.txt","/usr/bin/time -v /home/shiny/anaconda3/envs/cdujlab/bin/python /home/shiny/connecting-landscapes/src/lcc.py /home/shiny/data/sabah_50.shp /home/shiny/data/size5.tif /home/shiny/data/out_lcc_scenarioAC.tif 100000 2 100 1 &> /home/shiny/data/logCOLA_lcc_scenarioAC.txt","crk_scenarioAC.rip","size5crk.rsg","logUNIC_crk_scenarioAC.txt","logCOLA_crk_scenarioAC.txt","size5crk_sabah_50","out_crk_scenarioAC.tif","/usr/bin/time -v /home/shiny/anaconda3/envs/cdujlab/bin/python UNICOR.py crk_scenarioAC.rip &> /home/shiny/data/logUNIC_crk_scenarioAC.txt","/usr/bin/time -v /home/shiny/anaconda3/envs/cdujlab/bin/python /home/shiny/connecting-landscapes/src/crk.py /home/shiny/data/sabah_50.shp /home/shiny/data/size5.tif /home/shiny/data/out_crk_scenarioAC.tif 1000000 linear 10000 1 &> /home/shiny/data/logCOLA_crk_scenarioAC.txt","mat_scenarioAC.rip","size5mat.rsg","logUNIC_mat_scenarioAC.txt","logCOLA_mat_scenarioAC.txt","size5mat_sabah_50","out_mat_scenarioAC.csv","/usr/bin/time -v /home/shiny/anaconda3/envs/cdujlab/bin/python UNICOR.py mat_scenarioAC.rip &> /home/shiny/data/logUNIC_mat_scenarioAC.txt","/usr/bin/time -v /home/shiny/anaconda3/envs/cdujlab/bin/python /home/shiny/connecting-landscapes/src/create_cdmat.py /home/shiny/data/sabah_50.shp /home/shiny/data/size5.tif /home/shiny/data/out_mat_scenarioAC.csv 100000 1 &> /home/shiny/data/logCOLA_mat_scenarioAC.txt"
"30","sabah_500.xy","size5_side316px_100000totpix.rsg","sabah_500.shp","size5.rsg","size5.tif","AD","scenarioAD","lcc_scenarioAD.rip","size5lcc.rsg","logUNIC_lcc_scenarioAD.txt","logCOLA_lcc_scenarioAD.txt","size5lcc_sabah_500","out_lcc_scenarioAD.tif","/usr/bin/time -v /home/shiny/anaconda3/envs/cdujlab/bin/python UNICOR.py lcc_scenarioAD.rip &> /home/shiny/data/logUNIC_lcc_scenarioAD.txt","/usr/bin/time -v /home/shiny/anaconda3/envs/cdujlab/bin/python /home/shiny/connecting-landscapes/src/lcc.py /home/shiny/data/sabah_500.shp /home/shiny/data/size5.tif /home/shiny/data/out_lcc_scenarioAD.tif 100000 2 100 1 &> /home/shiny/data/logCOLA_lcc_scenarioAD.txt","crk_scenarioAD.rip","size5crk.rsg","logUNIC_crk_scenarioAD.txt","logCOLA_crk_scenarioAD.txt","size5crk_sabah_500","out_crk_scenarioAD.tif","/usr/bin/time -v /home/shiny/anaconda3/envs/cdujlab/bin/python UNICOR.py crk_scenarioAD.rip &> /home/shiny/data/logUNIC_crk_scenarioAD.txt","/usr/bin/time -v /home/shiny/anaconda3/envs/cdujlab/bin/python /home/shiny/connecting-landscapes/src/crk.py /home/shiny/data/sabah_500.shp /home/shiny/data/size5.tif /home/shiny/data/out_crk_scenarioAD.tif 1000000 linear 10000 1 &> /home/shiny/data/logCOLA_crk_scenarioAD.txt","mat_scenarioAD.rip","size5mat.rsg","logUNIC_mat_scenarioAD.txt","logCOLA_mat_scenarioAD.txt","size5mat_sabah_500","out_mat_scenarioAD.csv","/usr/bin/time -v /home/shiny/anaconda3/envs/cdujlab/bin/python UNICOR.py mat_scenarioAD.rip &> /home/shiny/data/logUNIC_mat_scenarioAD.txt","/usr/bin/time -v /home/shiny/anaconda3/envs/cdujlab/bin/python /home/shiny/connecting-landscapes/src/create_cdmat.py /home/shiny/data/sabah_500.shp /home/shiny/data/size5.tif /home/shiny/data/out_mat_scenarioAD.csv 100000 1 &> /home/shiny/data/logCOLA_mat_scenarioAD.txt"
"31","sabah_10.xy","size6_side1000px_1000000totpix.rsg","sabah_10.shp","size6.rsg","size6.tif","AE","scenarioAE","lcc_scenarioAE.rip","size6lcc.rsg","logUNIC_lcc_scenarioAE.txt","logCOLA_lcc_scenarioAE.txt","size6lcc_sabah_10","out_lcc_scenarioAE.tif","/usr/bin/time -v /home/shiny/anaconda3/envs/cdujlab/bin/python UNICOR.py lcc_scenarioAE.rip &> /home/shiny/data/logUNIC_lcc_scenarioAE.txt","/usr/bin/time -v /home/shiny/anaconda3/envs/cdujlab/bin/python /home/shiny/connecting-landscapes/src/lcc.py /home/shiny/data/sabah_10.shp /home/shiny/data/size6.tif /home/shiny/data/out_lcc_scenarioAE.tif 100000 2 100 1 &> /home/shiny/data/logCOLA_lcc_scenarioAE.txt","crk_scenarioAE.rip","size6crk.rsg","logUNIC_crk_scenarioAE.txt","logCOLA_crk_scenarioAE.txt","size6crk_sabah_10","out_crk_scenarioAE.tif","/usr/bin/time -v /home/shiny/anaconda3/envs/cdujlab/bin/python UNICOR.py crk_scenarioAE.rip &> /home/shiny/data/logUNIC_crk_scenarioAE.txt","/usr/bin/time -v /home/shiny/anaconda3/envs/cdujlab/bin/python /home/shiny/connecting-landscapes/src/crk.py /home/shiny/data/sabah_10.shp /home/shiny/data/size6.tif /home/shiny/data/out_crk_scenarioAE.tif 1000000 linear 10000 1 &> /home/shiny/data/logCOLA_crk_scenarioAE.txt","mat_scenarioAE.rip","size6mat.rsg","logUNIC_mat_scenarioAE.txt","logCOLA_mat_scenarioAE.txt","size6mat_sabah_10","out_mat_scenarioAE.csv","/usr/bin/time -v /home/shiny/anaconda3/envs/cdujlab/bin/python UNICOR.py mat_scenarioAE.rip &> /home/shiny/data/logUNIC_mat_scenarioAE.txt","/usr/bin/time -v /home/shiny/anaconda3/envs/cdujlab/bin/python /home/shiny/connecting-landscapes/src/create_cdmat.py /home/shiny/data/sabah_10.shp /home/shiny/data/size6.tif /home/shiny/data/out_mat_scenarioAE.csv 100000 1 &> /home/shiny/data/logCOLA_mat_scenarioAE.txt"
"32","sabah_100.xy","size6_side1000px_1000000totpix.rsg","sabah_100.shp","size6.rsg","size6.tif","AF","scenarioAF","lcc_scenarioAF.rip","size6lcc.rsg","logUNIC_lcc_scenarioAF.txt","logCOLA_lcc_scenarioAF.txt","size6lcc_sabah_100","out_lcc_scenarioAF.tif","/usr/bin/time -v /home/shiny/anaconda3/envs/cdujlab/bin/python UNICOR.py lcc_scenarioAF.rip &> /home/shiny/data/logUNIC_lcc_scenarioAF.txt","/usr/bin/time -v /home/shiny/anaconda3/envs/cdujlab/bin/python /home/shiny/connecting-landscapes/src/lcc.py /home/shiny/data/sabah_100.shp /home/shiny/data/size6.tif /home/shiny/data/out_lcc_scenarioAF.tif 100000 2 100 1 &> /home/shiny/data/logCOLA_lcc_scenarioAF.txt","crk_scenarioAF.rip","size6crk.rsg","logUNIC_crk_scenarioAF.txt","logCOLA_crk_scenarioAF.txt","size6crk_sabah_100","out_crk_scenarioAF.tif","/usr/bin/time -v /home/shiny/anaconda3/envs/cdujlab/bin/python UNICOR.py crk_scenarioAF.rip &> /home/shiny/data/logUNIC_crk_scenarioAF.txt","/usr/bin/time -v /home/shiny/anaconda3/envs/cdujlab/bin/python /home/shiny/connecting-landscapes/src/crk.py /home/shiny/data/sabah_100.shp /home/shiny/data/size6.tif /home/shiny/data/out_crk_scenarioAF.tif 1000000 linear 10000 1 &> /home/shiny/data/logCOLA_crk_scenarioAF.txt","mat_scenarioAF.rip","size6mat.rsg","logUNIC_mat_scenarioAF.txt","logCOLA_mat_scenarioAF.txt","size6mat_sabah_100","out_mat_scenarioAF.csv","/usr/bin/time -v /home/shiny/anaconda3/envs/cdujlab/bin/python UNICOR.py mat_scenarioAF.rip &> /home/shiny/data/logUNIC_mat_scenarioAF.txt","/usr/bin/time -v /home/shiny/anaconda3/envs/cdujlab/bin/python /home/shiny/connecting-landscapes/src/create_cdmat.py /home/shiny/data/sabah_100.shp /home/shiny/data/size6.tif /home/shiny/data/out_mat_scenarioAF.csv 100000 1 &> /home/shiny/data/logCOLA_mat_scenarioAF.txt"
"33","sabah_20.xy","size6_side1000px_1000000totpix.rsg","sabah_20.shp","size6.rsg","size6.tif","AG","scenarioAG","lcc_scenarioAG.rip","size6lcc.rsg","logUNIC_lcc_scenarioAG.txt","logCOLA_lcc_scenarioAG.txt","size6lcc_sabah_20","out_lcc_scenarioAG.tif","/usr/bin/time -v /home/shiny/anaconda3/envs/cdujlab/bin/python UNICOR.py lcc_scenarioAG.rip &> /home/shiny/data/logUNIC_lcc_scenarioAG.txt","/usr/bin/time -v /home/shiny/anaconda3/envs/cdujlab/bin/python /home/shiny/connecting-landscapes/src/lcc.py /home/shiny/data/sabah_20.shp /home/shiny/data/size6.tif /home/shiny/data/out_lcc_scenarioAG.tif 100000 2 100 1 &> /home/shiny/data/logCOLA_lcc_scenarioAG.txt","crk_scenarioAG.rip","size6crk.rsg","logUNIC_crk_scenarioAG.txt","logCOLA_crk_scenarioAG.txt","size6crk_sabah_20","out_crk_scenarioAG.tif","/usr/bin/time -v /home/shiny/anaconda3/envs/cdujlab/bin/python UNICOR.py crk_scenarioAG.rip &> /home/shiny/data/logUNIC_crk_scenarioAG.txt","/usr/bin/time -v /home/shiny/anaconda3/envs/cdujlab/bin/python /home/shiny/connecting-landscapes/src/crk.py /home/shiny/data/sabah_20.shp /home/shiny/data/size6.tif /home/shiny/data/out_crk_scenarioAG.tif 1000000 linear 10000 1 &> /home/shiny/data/logCOLA_crk_scenarioAG.txt","mat_scenarioAG.rip","size6mat.rsg","logUNIC_mat_scenarioAG.txt","logCOLA_mat_scenarioAG.txt","size6mat_sabah_20","out_mat_scenarioAG.csv","/usr/bin/time -v /home/shiny/anaconda3/envs/cdujlab/bin/python UNICOR.py mat_scenarioAG.rip &> /home/shiny/data/logUNIC_mat_scenarioAG.txt","/usr/bin/time -v /home/shiny/anaconda3/envs/cdujlab/bin/python /home/shiny/connecting-landscapes/src/create_cdmat.py /home/shiny/data/sabah_20.shp /home/shiny/data/size6.tif /home/shiny/data/out_mat_scenarioAG.csv 100000 1 &> /home/shiny/data/logCOLA_mat_scenarioAG.txt"
"34","sabah_200.xy","size6_side1000px_1000000totpix.rsg","sabah_200.shp","size6.rsg","size6.tif","AH","scenarioAH","lcc_scenarioAH.rip","size6lcc.rsg","logUNIC_lcc_scenarioAH.txt","logCOLA_lcc_scenarioAH.txt","size6lcc_sabah_200","out_lcc_scenarioAH.tif","/usr/bin/time -v /home/shiny/anaconda3/envs/cdujlab/bin/python UNICOR.py lcc_scenarioAH.rip &> /home/shiny/data/logUNIC_lcc_scenarioAH.txt","/usr/bin/time -v /home/shiny/anaconda3/envs/cdujlab/bin/python /home/shiny/connecting-landscapes/src/lcc.py /home/shiny/data/sabah_200.shp /home/shiny/data/size6.tif /home/shiny/data/out_lcc_scenarioAH.tif 100000 2 100 1 &> /home/shiny/data/logCOLA_lcc_scenarioAH.txt","crk_scenarioAH.rip","size6crk.rsg","logUNIC_crk_scenarioAH.txt","logCOLA_crk_scenarioAH.txt","size6crk_sabah_200","out_crk_scenarioAH.tif","/usr/bin/time -v /home/shiny/anaconda3/envs/cdujlab/bin/python UNICOR.py crk_scenarioAH.rip &> /home/shiny/data/logUNIC_crk_scenarioAH.txt","/usr/bin/time -v /home/shiny/anaconda3/envs/cdujlab/bin/python /home/shiny/connecting-landscapes/src/crk.py /home/shiny/data/sabah_200.shp /home/shiny/data/size6.tif /home/shiny/data/out_crk_scenarioAH.tif 1000000 linear 10000 1 &> /home/shiny/data/logCOLA_crk_scenarioAH.txt","mat_scenarioAH.rip","size6mat.rsg","logUNIC_mat_scenarioAH.txt","logCOLA_mat_scenarioAH.txt","size6mat_sabah_200","out_mat_scenarioAH.csv","/usr/bin/time -v /home/shiny/anaconda3/envs/cdujlab/bin/python UNICOR.py mat_scenarioAH.rip &> /home/shiny/data/logUNIC_mat_scenarioAH.txt","/usr/bin/time -v /home/shiny/anaconda3/envs/cdujlab/bin/python /home/shiny/connecting-landscapes/src/create_cdmat.py /home/shiny/data/sabah_200.shp /home/shiny/data/size6.tif /home/shiny/data/out_mat_scenarioAH.csv 100000 1 &> /home/shiny/data/logCOLA_mat_scenarioAH.txt"
"35","sabah_50.xy","size6_side1000px_1000000totpix.rsg","sabah_50.shp","size6.rsg","size6.tif","AI","scenarioAI","lcc_scenarioAI.rip","size6lcc.rsg","logUNIC_lcc_scenarioAI.txt","logCOLA_lcc_scenarioAI.txt","size6lcc_sabah_50","out_lcc_scenarioAI.tif","/usr/bin/time -v /home/shiny/anaconda3/envs/cdujlab/bin/python UNICOR.py lcc_scenarioAI.rip &> /home/shiny/data/logUNIC_lcc_scenarioAI.txt","/usr/bin/time -v /home/shiny/anaconda3/envs/cdujlab/bin/python /home/shiny/connecting-landscapes/src/lcc.py /home/shiny/data/sabah_50.shp /home/shiny/data/size6.tif /home/shiny/data/out_lcc_scenarioAI.tif 100000 2 100 1 &> /home/shiny/data/logCOLA_lcc_scenarioAI.txt","crk_scenarioAI.rip","size6crk.rsg","logUNIC_crk_scenarioAI.txt","logCOLA_crk_scenarioAI.txt","size6crk_sabah_50","out_crk_scenarioAI.tif","/usr/bin/time -v /home/shiny/anaconda3/envs/cdujlab/bin/python UNICOR.py crk_scenarioAI.rip &> /home/shiny/data/logUNIC_crk_scenarioAI.txt","/usr/bin/time -v /home/shiny/anaconda3/envs/cdujlab/bin/python /home/shiny/connecting-landscapes/src/crk.py /home/shiny/data/sabah_50.shp /home/shiny/data/size6.tif /home/shiny/data/out_crk_scenarioAI.tif 1000000 linear 10000 1 &> /home/shiny/data/logCOLA_crk_scenarioAI.txt","mat_scenarioAI.rip","size6mat.rsg","logUNIC_mat_scenarioAI.txt","logCOLA_mat_scenarioAI.txt","size6mat_sabah_50","out_mat_scenarioAI.csv","/usr/bin/time -v /home/shiny/anaconda3/envs/cdujlab/bin/python UNICOR.py mat_scenarioAI.rip &> /home/shiny/data/logUNIC_mat_scenarioAI.txt","/usr/bin/time -v /home/shiny/anaconda3/envs/cdujlab/bin/python /home/shiny/connecting-landscapes/src/create_cdmat.py /home/shiny/data/sabah_50.shp /home/shiny/data/size6.tif /home/shiny/data/out_mat_scenarioAI.csv 100000 1 &> /home/shiny/data/logCOLA_mat_scenarioAI.txt"
"36","sabah_500.xy","size6_side1000px_1000000totpix.rsg","sabah_500.shp","size6.rsg","size6.tif","AJ","scenarioAJ","lcc_scenarioAJ.rip","size6lcc.rsg","logUNIC_lcc_scenarioAJ.txt","logCOLA_lcc_scenarioAJ.txt","size6lcc_sabah_500","out_lcc_scenarioAJ.tif","/usr/bin/time -v /home/shiny/anaconda3/envs/cdujlab/bin/python UNICOR.py lcc_scenarioAJ.rip &> /home/shiny/data/logUNIC_lcc_scenarioAJ.txt","/usr/bin/time -v /home/shiny/anaconda3/envs/cdujlab/bin/python /home/shiny/connecting-landscapes/src/lcc.py /home/shiny/data/sabah_500.shp /home/shiny/data/size6.tif /home/shiny/data/out_lcc_scenarioAJ.tif 100000 2 100 1 &> /home/shiny/data/logCOLA_lcc_scenarioAJ.txt","crk_scenarioAJ.rip","size6crk.rsg","logUNIC_crk_scenarioAJ.txt","logCOLA_crk_scenarioAJ.txt","size6crk_sabah_500","out_crk_scenarioAJ.tif","/usr/bin/time -v /home/shiny/anaconda3/envs/cdujlab/bin/python UNICOR.py crk_scenarioAJ.rip &> /home/shiny/data/logUNIC_crk_scenarioAJ.txt","/usr/bin/time -v /home/shiny/anaconda3/envs/cdujlab/bin/python /home/shiny/connecting-landscapes/src/crk.py /home/shiny/data/sabah_500.shp /home/shiny/data/size6.tif /home/shiny/data/out_crk_scenarioAJ.tif 1000000 linear 10000 1 &> /home/shiny/data/logCOLA_crk_scenarioAJ.txt","mat_scenarioAJ.rip","size6mat.rsg","logUNIC_mat_scenarioAJ.txt","logCOLA_mat_scenarioAJ.txt","size6mat_sabah_500","out_mat_scenarioAJ.csv","/usr/bin/time -v /home/shiny/anaconda3/envs/cdujlab/bin/python UNICOR.py mat_scenarioAJ.rip &> /home/shiny/data/logUNIC_mat_scenarioAJ.txt","/usr/bin/time -v /home/shiny/anaconda3/envs/cdujlab/bin/python /home/shiny/connecting-landscapes/src/create_cdmat.py /home/shiny/data/sabah_500.shp /home/shiny/data/size6.tif /home/shiny/data/out_mat_scenarioAJ.csv 100000 1 &> /home/shiny/data/logCOLA_mat_scenarioAJ.txt"
"37","sabah_10.xy","size7_side2000px_4000000totpix.rsg","sabah_10.shp","size7.rsg","size7.tif","AK","scenarioAK","lcc_scenarioAK.rip","size7lcc.rsg","logUNIC_lcc_scenarioAK.txt","logCOLA_lcc_scenarioAK.txt","size7lcc_sabah_10","out_lcc_scenarioAK.tif","/usr/bin/time -v /home/shiny/anaconda3/envs/cdujlab/bin/python UNICOR.py lcc_scenarioAK.rip &> /home/shiny/data/logUNIC_lcc_scenarioAK.txt","/usr/bin/time -v /home/shiny/anaconda3/envs/cdujlab/bin/python /home/shiny/connecting-landscapes/src/lcc.py /home/shiny/data/sabah_10.shp /home/shiny/data/size7.tif /home/shiny/data/out_lcc_scenarioAK.tif 100000 2 100 1 &> /home/shiny/data/logCOLA_lcc_scenarioAK.txt","crk_scenarioAK.rip","size7crk.rsg","logUNIC_crk_scenarioAK.txt","logCOLA_crk_scenarioAK.txt","size7crk_sabah_10","out_crk_scenarioAK.tif","/usr/bin/time -v /home/shiny/anaconda3/envs/cdujlab/bin/python UNICOR.py crk_scenarioAK.rip &> /home/shiny/data/logUNIC_crk_scenarioAK.txt","/usr/bin/time -v /home/shiny/anaconda3/envs/cdujlab/bin/python /home/shiny/connecting-landscapes/src/crk.py /home/shiny/data/sabah_10.shp /home/shiny/data/size7.tif /home/shiny/data/out_crk_scenarioAK.tif 1000000 linear 10000 1 &> /home/shiny/data/logCOLA_crk_scenarioAK.txt","mat_scenarioAK.rip","size7mat.rsg","logUNIC_mat_scenarioAK.txt","logCOLA_mat_scenarioAK.txt","size7mat_sabah_10","out_mat_scenarioAK.csv","/usr/bin/time -v /home/shiny/anaconda3/envs/cdujlab/bin/python UNICOR.py mat_scenarioAK.rip &> /home/shiny/data/logUNIC_mat_scenarioAK.txt","/usr/bin/time -v /home/shiny/anaconda3/envs/cdujlab/bin/python /home/shiny/connecting-landscapes/src/create_cdmat.py /home/shiny/data/sabah_10.shp /home/shiny/data/size7.tif /home/shiny/data/out_mat_scenarioAK.csv 100000 1 &> /home/shiny/data/logCOLA_mat_scenarioAK.txt"
"38","sabah_100.xy","size7_side2000px_4000000totpix.rsg","sabah_100.shp","size7.rsg","size7.tif","AL","scenarioAL","lcc_scenarioAL.rip","size7lcc.rsg","logUNIC_lcc_scenarioAL.txt","logCOLA_lcc_scenarioAL.txt","size7lcc_sabah_100","out_lcc_scenarioAL.tif","/usr/bin/time -v /home/shiny/anaconda3/envs/cdujlab/bin/python UNICOR.py lcc_scenarioAL.rip &> /home/shiny/data/logUNIC_lcc_scenarioAL.txt","/usr/bin/time -v /home/shiny/anaconda3/envs/cdujlab/bin/python /home/shiny/connecting-landscapes/src/lcc.py /home/shiny/data/sabah_100.shp /home/shiny/data/size7.tif /home/shiny/data/out_lcc_scenarioAL.tif 100000 2 100 1 &> /home/shiny/data/logCOLA_lcc_scenarioAL.txt","crk_scenarioAL.rip","size7crk.rsg","logUNIC_crk_scenarioAL.txt","logCOLA_crk_scenarioAL.txt","size7crk_sabah_100","out_crk_scenarioAL.tif","/usr/bin/time -v /home/shiny/anaconda3/envs/cdujlab/bin/python UNICOR.py crk_scenarioAL.rip &> /home/shiny/data/logUNIC_crk_scenarioAL.txt","/usr/bin/time -v /home/shiny/anaconda3/envs/cdujlab/bin/python /home/shiny/connecting-landscapes/src/crk.py /home/shiny/data/sabah_100.shp /home/shiny/data/size7.tif /home/shiny/data/out_crk_scenarioAL.tif 1000000 linear 10000 1 &> /home/shiny/data/logCOLA_crk_scenarioAL.txt","mat_scenarioAL.rip","size7mat.rsg","logUNIC_mat_scenarioAL.txt","logCOLA_mat_scenarioAL.txt","size7mat_sabah_100","out_mat_scenarioAL.csv","/usr/bin/time -v /home/shiny/anaconda3/envs/cdujlab/bin/python UNICOR.py mat_scenarioAL.rip &> /home/shiny/data/logUNIC_mat_scenarioAL.txt","/usr/bin/time -v /home/shiny/anaconda3/envs/cdujlab/bin/python /home/shiny/connecting-landscapes/src/create_cdmat.py /home/shiny/data/sabah_100.shp /home/shiny/data/size7.tif /home/shiny/data/out_mat_scenarioAL.csv 100000 1 &> /home/shiny/data/logCOLA_mat_scenarioAL.txt"
"39","sabah_20.xy","size7_side2000px_4000000totpix.rsg","sabah_20.shp","size7.rsg","size7.tif","AM","scenarioAM","lcc_scenarioAM.rip","size7lcc.rsg","logUNIC_lcc_scenarioAM.txt","logCOLA_lcc_scenarioAM.txt","size7lcc_sabah_20","out_lcc_scenarioAM.tif","/usr/bin/time -v /home/shiny/anaconda3/envs/cdujlab/bin/python UNICOR.py lcc_scenarioAM.rip &> /home/shiny/data/logUNIC_lcc_scenarioAM.txt","/usr/bin/time -v /home/shiny/anaconda3/envs/cdujlab/bin/python /home/shiny/connecting-landscapes/src/lcc.py /home/shiny/data/sabah_20.shp /home/shiny/data/size7.tif /home/shiny/data/out_lcc_scenarioAM.tif 100000 2 100 1 &> /home/shiny/data/logCOLA_lcc_scenarioAM.txt","crk_scenarioAM.rip","size7crk.rsg","logUNIC_crk_scenarioAM.txt","logCOLA_crk_scenarioAM.txt","size7crk_sabah_20","out_crk_scenarioAM.tif","/usr/bin/time -v /home/shiny/anaconda3/envs/cdujlab/bin/python UNICOR.py crk_scenarioAM.rip &> /home/shiny/data/logUNIC_crk_scenarioAM.txt","/usr/bin/time -v /home/shiny/anaconda3/envs/cdujlab/bin/python /home/shiny/connecting-landscapes/src/crk.py /home/shiny/data/sabah_20.shp /home/shiny/data/size7.tif /home/shiny/data/out_crk_scenarioAM.tif 1000000 linear 10000 1 &> /home/shiny/data/logCOLA_crk_scenarioAM.txt","mat_scenarioAM.rip","size7mat.rsg","logUNIC_mat_scenarioAM.txt","logCOLA_mat_scenarioAM.txt","size7mat_sabah_20","out_mat_scenarioAM.csv","/usr/bin/time -v /home/shiny/anaconda3/envs/cdujlab/bin/python UNICOR.py mat_scenarioAM.rip &> /home/shiny/data/logUNIC_mat_scenarioAM.txt","/usr/bin/time -v /home/shiny/anaconda3/envs/cdujlab/bin/python /home/shiny/connecting-landscapes/src/create_cdmat.py /home/shiny/data/sabah_20.shp /home/shiny/data/size7.tif /home/shiny/data/out_mat_scenarioAM.csv 100000 1 &> /home/shiny/data/logCOLA_mat_scenarioAM.txt"
"40","sabah_200.xy","size7_side2000px_4000000totpix.rsg","sabah_200.shp","size7.rsg","size7.tif","AN","scenarioAN","lcc_scenarioAN.rip","size7lcc.rsg","logUNIC_lcc_scenarioAN.txt","logCOLA_lcc_scenarioAN.txt","size7lcc_sabah_200","out_lcc_scenarioAN.tif","/usr/bin/time -v /home/shiny/anaconda3/envs/cdujlab/bin/python UNICOR.py lcc_scenarioAN.rip &> /home/shiny/data/logUNIC_lcc_scenarioAN.txt","/usr/bin/time -v /home/shiny/anaconda3/envs/cdujlab/bin/python /home/shiny/connecting-landscapes/src/lcc.py /home/shiny/data/sabah_200.shp /home/shiny/data/size7.tif /home/shiny/data/out_lcc_scenarioAN.tif 100000 2 100 1 &> /home/shiny/data/logCOLA_lcc_scenarioAN.txt","crk_scenarioAN.rip","size7crk.rsg","logUNIC_crk_scenarioAN.txt","logCOLA_crk_scenarioAN.txt","size7crk_sabah_200","out_crk_scenarioAN.tif","/usr/bin/time -v /home/shiny/anaconda3/envs/cdujlab/bin/python UNICOR.py crk_scenarioAN.rip &> /home/shiny/data/logUNIC_crk_scenarioAN.txt","/usr/bin/time -v /home/shiny/anaconda3/envs/cdujlab/bin/python /home/shiny/connecting-landscapes/src/crk.py /home/shiny/data/sabah_200.shp /home/shiny/data/size7.tif /home/shiny/data/out_crk_scenarioAN.tif 1000000 linear 10000 1 &> /home/shiny/data/logCOLA_crk_scenarioAN.txt","mat_scenarioAN.rip","size7mat.rsg","logUNIC_mat_scenarioAN.txt","logCOLA_mat_scenarioAN.txt","size7mat_sabah_200","out_mat_scenarioAN.csv","/usr/bin/time -v /home/shiny/anaconda3/envs/cdujlab/bin/python UNICOR.py mat_scenarioAN.rip &> /home/shiny/data/logUNIC_mat_scenarioAN.txt","/usr/bin/time -v /home/shiny/anaconda3/envs/cdujlab/bin/python /home/shiny/connecting-landscapes/src/create_cdmat.py /home/shiny/data/sabah_200.shp /home/shiny/data/size7.tif /home/shiny/data/out_mat_scenarioAN.csv 100000 1 &> /home/shiny/data/logCOLA_mat_scenarioAN.txt"
"41","sabah_50.xy","size7_side2000px_4000000totpix.rsg","sabah_50.shp","size7.rsg","size7.tif","AO","scenarioAO","lcc_scenarioAO.rip","size7lcc.rsg","logUNIC_lcc_scenarioAO.txt","logCOLA_lcc_scenarioAO.txt","size7lcc_sabah_50","out_lcc_scenarioAO.tif","/usr/bin/time -v /home/shiny/anaconda3/envs/cdujlab/bin/python UNICOR.py lcc_scenarioAO.rip &> /home/shiny/data/logUNIC_lcc_scenarioAO.txt","/usr/bin/time -v /home/shiny/anaconda3/envs/cdujlab/bin/python /home/shiny/connecting-landscapes/src/lcc.py /home/shiny/data/sabah_50.shp /home/shiny/data/size7.tif /home/shiny/data/out_lcc_scenarioAO.tif 100000 2 100 1 &> /home/shiny/data/logCOLA_lcc_scenarioAO.txt","crk_scenarioAO.rip","size7crk.rsg","logUNIC_crk_scenarioAO.txt","logCOLA_crk_scenarioAO.txt","size7crk_sabah_50","out_crk_scenarioAO.tif","/usr/bin/time -v /home/shiny/anaconda3/envs/cdujlab/bin/python UNICOR.py crk_scenarioAO.rip &> /home/shiny/data/logUNIC_crk_scenarioAO.txt","/usr/bin/time -v /home/shiny/anaconda3/envs/cdujlab/bin/python /home/shiny/connecting-landscapes/src/crk.py /home/shiny/data/sabah_50.shp /home/shiny/data/size7.tif /home/shiny/data/out_crk_scenarioAO.tif 1000000 linear 10000 1 &> /home/shiny/data/logCOLA_crk_scenarioAO.txt","mat_scenarioAO.rip","size7mat.rsg","logUNIC_mat_scenarioAO.txt","logCOLA_mat_scenarioAO.txt","size7mat_sabah_50","out_mat_scenarioAO.csv","/usr/bin/time -v /home/shiny/anaconda3/envs/cdujlab/bin/python UNICOR.py mat_scenarioAO.rip &> /home/shiny/data/logUNIC_mat_scenarioAO.txt","/usr/bin/time -v /home/shiny/anaconda3/envs/cdujlab/bin/python /home/shiny/connecting-landscapes/src/create_cdmat.py /home/shiny/data/sabah_50.shp /home/shiny/data/size7.tif /home/shiny/data/out_mat_scenarioAO.csv 100000 1 &> /home/shiny/data/logCOLA_mat_scenarioAO.txt"
"42","sabah_500.xy","size7_side2000px_4000000totpix.rsg","sabah_500.shp","size7.rsg","size7.tif","AP","scenarioAP","lcc_scenarioAP.rip","size7lcc.rsg","logUNIC_lcc_scenarioAP.txt","logCOLA_lcc_scenarioAP.txt","size7lcc_sabah_500","out_lcc_scenarioAP.tif","/usr/bin/time -v /home/shiny/anaconda3/envs/cdujlab/bin/python UNICOR.py lcc_scenarioAP.rip &> /home/shiny/data/logUNIC_lcc_scenarioAP.txt","/usr/bin/time -v /home/shiny/anaconda3/envs/cdujlab/bin/python /home/shiny/connecting-landscapes/src/lcc.py /home/shiny/data/sabah_500.shp /home/shiny/data/size7.tif /home/shiny/data/out_lcc_scenarioAP.tif 100000 2 100 1 &> /home/shiny/data/logCOLA_lcc_scenarioAP.txt","crk_scenarioAP.rip","size7crk.rsg","logUNIC_crk_scenarioAP.txt","logCOLA_crk_scenarioAP.txt","size7crk_sabah_500","out_crk_scenarioAP.tif","/usr/bin/time -v /home/shiny/anaconda3/envs/cdujlab/bin/python UNICOR.py crk_scenarioAP.rip &> /home/shiny/data/logUNIC_crk_scenarioAP.txt","/usr/bin/time -v /home/shiny/anaconda3/envs/cdujlab/bin/python /home/shiny/connecting-landscapes/src/crk.py /home/shiny/data/sabah_500.shp /home/shiny/data/size7.tif /home/shiny/data/out_crk_scenarioAP.tif 1000000 linear 10000 1 &> /home/shiny/data/logCOLA_crk_scenarioAP.txt","mat_scenarioAP.rip","size7mat.rsg","logUNIC_mat_scenarioAP.txt","logCOLA_mat_scenarioAP.txt","size7mat_sabah_500","out_mat_scenarioAP.csv","/usr/bin/time -v /home/shiny/anaconda3/envs/cdujlab/bin/python UNICOR.py mat_scenarioAP.rip &> /home/shiny/data/logUNIC_mat_scenarioAP.txt","/usr/bin/time -v /home/shiny/anaconda3/envs/cdujlab/bin/python /home/shiny/connecting-landscapes/src/create_cdmat.py /home/shiny/data/sabah_500.shp /home/shiny/data/size7.tif /home/shiny/data/out_mat_scenarioAP.csv 100000 1 &> /home/shiny/data/logCOLA_mat_scenarioAP.txt"
