"","npix","spix","size","npts","soft","func","scen","variable","value","var"
"1",10,3,"size1",10,"COLA","crk","A","ramgb",0.204772,"RAM (GB)"
"2",10,3,"size1",10,"COLA","lcc","A","ramgb",0.207792,"RAM (GB)"
"3",10,3,"size1",10,"COLA","mat","A","ramgb",0.204256,"RAM (GB)"
"4",10,3,"size1",10,"UNIC","crk","A","ramgb",0.08458,"RAM (GB)"
"5",10,3,"size1",10,"UNIC","lcc","A","ramgb",0.084364,"RAM (GB)"
"6",10,3,"size1",10,"UNIC","mat","A","ramgb",0.08408,"RAM (GB)"
"7",1e+05,316,"size5",20,"COLA","crk","AA","ramgb",0.496744,"RAM (GB)"
"8",1e+05,316,"size5",20,"COLA","lcc","AA","ramgb",0.483912,"RAM (GB)"
"9",1e+05,316,"size5",20,"COLA","mat","AA","ramgb",0.48046,"RAM (GB)"
"10",1e+05,316,"size5",20,"UNIC","crk","AA","ramgb",0.15842,"RAM (GB)"
"11",1e+05,316,"size5",20,"UNIC","lcc","AA","ramgb",0.131264,"RAM (GB)"
"12",1e+05,316,"size5",20,"UNIC","mat","AA","ramgb",0.125336,"RAM (GB)"
"13",1e+05,316,"size5",200,"UNIC","mat","AB","ramgb",0.128584,"RAM (GB)"
"14",1e+05,316,"size5",200,"COLA","lcc","AB","ramgb",0.631228,"RAM (GB)"
"15",1e+05,316,"size5",200,"COLA","crk","AB","ramgb",0.779748,"RAM (GB)"
"16",1e+05,316,"size5",200,"UNIC","crk","AB","ramgb",0.15912,"RAM (GB)"
"17",1e+05,316,"size5",200,"COLA","mat","AB","ramgb",0.480768,"RAM (GB)"
"18",1e+05,316,"size5",200,"UNIC","lcc","AB","ramgb",0.13438,"RAM (GB)"
"19",1e+05,316,"size5",50,"UNIC","mat","AC","ramgb",0.125932,"RAM (GB)"
"20",1e+05,316,"size5",50,"COLA","lcc","AC","ramgb",0.504104,"RAM (GB)"
"21",1e+05,316,"size5",50,"COLA","crk","AC","ramgb",0.541828,"RAM (GB)"
"22",1e+05,316,"size5",50,"UNIC","crk","AC","ramgb",0.156316,"RAM (GB)"
"23",1e+05,316,"size5",50,"COLA","mat","AC","ramgb",0.481148,"RAM (GB)"
"24",1e+05,316,"size5",50,"UNIC","lcc","AC","ramgb",0.132056,"RAM (GB)"
"25",1e+05,316,"size5",500,"UNIC","mat","AD","ramgb",0.141664,"RAM (GB)"
"26",1e+05,316,"size5",500,"UNIC","lcc","AD","ramgb",0.14568,"RAM (GB)"
"27",1e+05,316,"size5",500,"COLA","crk","AD","ramgb",1.262364,"RAM (GB)"
"28",1e+05,316,"size5",500,"COLA","lcc","AD","ramgb",0.889588,"RAM (GB)"
"29",1e+05,316,"size5",500,"COLA","mat","AD","ramgb",0.493564,"RAM (GB)"
"30",1e+05,316,"size5",500,"UNIC","crk","AD","ramgb",0.161452,"RAM (GB)"
"31",1e+06,1000,"size6",10,"UNIC","mat","AE","ramgb",0.492096,"RAM (GB)"
"32",1e+06,1000,"size6",10,"UNIC","lcc","AE","ramgb",0.54784,"RAM (GB)"
"33",1e+06,1000,"size6",10,"COLA","crk","AE","ramgb",2.824,"RAM (GB)"
"34",1e+06,1000,"size6",10,"COLA","lcc","AE","ramgb",2.828756,"RAM (GB)"
"35",1e+06,1000,"size6",10,"COLA","mat","AE","ramgb",2.827848,"RAM (GB)"
"36",1e+06,1000,"size6",10,"UNIC","crk","AE","ramgb",0.570072,"RAM (GB)"
"37",1e+06,1000,"size6",100,"UNIC","lcc","AF","ramgb",0.556848,"RAM (GB)"
"38",1e+06,1000,"size6",100,"UNIC","mat","AF","ramgb",0.50066,"RAM (GB)"
"39",1e+06,1000,"size6",100,"COLA","lcc","AF","ramgb",3.439696,"RAM (GB)"
"40",1e+06,1000,"size6",100,"UNIC","crk","AF","ramgb",0.586,"RAM (GB)"
"41",1e+06,1000,"size6",100,"COLA","crk","AF","ramgb",4.207392,"RAM (GB)"
"42",1e+06,1000,"size6",100,"COLA","mat","AF","ramgb",2.825024,"RAM (GB)"
"43",1e+06,1000,"size6",20,"COLA","lcc","AG","ramgb",2.838288,"RAM (GB)"
"44",1e+06,1000,"size6",20,"UNIC","crk","AG","ramgb",0.575468,"RAM (GB)"
"45",1e+06,1000,"size6",20,"UNIC","mat","AG","ramgb",0.495524,"RAM (GB)"
"46",1e+06,1000,"size6",20,"COLA","crk","AG","ramgb",2.901016,"RAM (GB)"
"47",1e+06,1000,"size6",20,"UNIC","lcc","AG","ramgb",0.551188,"RAM (GB)"
"48",1e+06,1000,"size6",20,"COLA","mat","AG","ramgb",2.828852,"RAM (GB)"
"49",1e+06,1000,"size6",200,"UNIC","mat","AH","ramgb",0.501828,"RAM (GB)"
"50",1e+06,1000,"size6",200,"UNIC","lcc","AH","ramgb",0.560412,"RAM (GB)"
"51",1e+06,1000,"size6",200,"COLA","mat","AH","ramgb",2.824012,"RAM (GB)"
"52",1e+06,1000,"size6",200,"UNIC","crk","AH","ramgb",0.585136,"RAM (GB)"
"53",1e+06,1000,"size6",200,"COLA","crk","AH","ramgb",5.829204,"RAM (GB)"
"54",1e+06,1000,"size6",200,"COLA","lcc","AH","ramgb",4.305256,"RAM (GB)"
"55",1e+06,1000,"size6",50,"UNIC","mat","AI","ramgb",0.498148,"RAM (GB)"
"56",1e+06,1000,"size6",50,"COLA","lcc","AI","ramgb",3.005216,"RAM (GB)"
"57",1e+06,1000,"size6",50,"UNIC","lcc","AI","ramgb",0.55368,"RAM (GB)"
"58",1e+06,1000,"size6",50,"COLA","crk","AI","ramgb",3.381184,"RAM (GB)"
"59",1e+06,1000,"size6",50,"UNIC","crk","AI","ramgb",0.582804,"RAM (GB)"
"60",1e+06,1000,"size6",50,"COLA","mat","AI","ramgb",2.825044,"RAM (GB)"
"61",1e+06,1000,"size6",500,"UNIC","mat","AJ","ramgb",0.529432,"RAM (GB)"
"62",1e+06,1000,"size6",500,"UNIC","crk","AJ","ramgb",0.594004,"RAM (GB)"
"63",1e+06,1000,"size6",500,"UNIC","lcc","AJ","ramgb",0.587264,"RAM (GB)"
"64",1e+06,1000,"size6",500,"COLA","mat","AJ","ramgb",2.825772,"RAM (GB)"
"65",1e+06,1000,"size6",500,"COLA","crk","AJ","ramgb",10.714356,"RAM (GB)"
"66",1e+06,1000,"size6",500,"COLA","lcc","AJ","ramgb",6.905488,"RAM (GB)"
"67",4e+06,2000,"size7",10,"UNIC","mat","AK","ramgb",1.697704,"RAM (GB)"
"68",4e+06,2000,"size7",10,"UNIC","lcc","AK","ramgb",1.935168,"RAM (GB)"
"69",4e+06,2000,"size7",10,"COLA","mat","AK","ramgb",10.712164,"RAM (GB)"
"70",4e+06,2000,"size7",10,"UNIC","crk","AK","ramgb",2.046316,"RAM (GB)"
"71",4e+06,2000,"size7",10,"COLA","lcc","AK","ramgb",10.715424,"RAM (GB)"
"72",4e+06,2000,"size7",10,"COLA","crk","AK","ramgb",10.712124,"RAM (GB)"
"73",4e+06,2000,"size7",100,"COLA","lcc","AL","ramgb",12.117928,"RAM (GB)"
"74",4e+06,2000,"size7",100,"UNIC","lcc","AL","ramgb",1.968488,"RAM (GB)"
"75",4e+06,2000,"size7",100,"UNIC","mat","AL","ramgb",1.732488,"RAM (GB)"
"76",4e+06,2000,"size7",100,"COLA","crk","AL","ramgb",15.161664,"RAM (GB)"
"77",4e+06,2000,"size7",100,"UNIC","crk","AL","ramgb",2.04274,"RAM (GB)"
"78",4e+06,2000,"size7",100,"COLA","mat","AL","ramgb",10.7121,"RAM (GB)"
"79",4e+06,2000,"size7",20,"UNIC","crk","AM","ramgb",2.040992,"RAM (GB)"
"80",4e+06,2000,"size7",20,"UNIC","mat","AM","ramgb",1.708672,"RAM (GB)"
"81",4e+06,2000,"size7",20,"COLA","mat","AM","ramgb",10.712176,"RAM (GB)"
"82",4e+06,2000,"size7",20,"UNIC","lcc","AM","ramgb",1.944292,"RAM (GB)"
"83",4e+06,2000,"size7",20,"COLA","crk","AM","ramgb",10.712052,"RAM (GB)"
"84",4e+06,2000,"size7",20,"COLA","lcc","AM","ramgb",10.71528,"RAM (GB)"
"85",4e+06,2000,"size7",200,"UNIC","mat","AN","ramgb",1.742344,"RAM (GB)"
"86",4e+06,2000,"size7",200,"UNIC","lcc","AN","ramgb",1.979692,"RAM (GB)"
"87",4e+06,2000,"size7",200,"COLA","mat","AN","ramgb",10.711984,"RAM (GB)"
"88",4e+06,2000,"size7",200,"UNIC","crk","AN","ramgb",2.05692,"RAM (GB)"
"89",4e+06,2000,"size7",200,"COLA","lcc","AN","ramgb",15.555556,"RAM (GB)"
"90",4e+06,2000,"size7",200,"COLA","crk","AN","ramgb",21.63948,"RAM (GB)"
"91",4e+06,2000,"size7",50,"UNIC","lcc","AO","ramgb",1.956572,"RAM (GB)"
"92",4e+06,2000,"size7",50,"UNIC","mat","AO","ramgb",1.719608,"RAM (GB)"
"93",4e+06,2000,"size7",50,"COLA","lcc","AO","ramgb",10.715528,"RAM (GB)"
"94",4e+06,2000,"size7",50,"UNIC","crk","AO","ramgb",2.065588,"RAM (GB)"
"95",4e+06,2000,"size7",50,"COLA","crk","AO","ramgb",11.889824,"RAM (GB)"
"96",4e+06,2000,"size7",50,"COLA","mat","AO","ramgb",10.720336,"RAM (GB)"
"97",4e+06,2000,"size7",500,"UNIC","crk","AP","ramgb",2.057012,"RAM (GB)"
"98",4e+06,2000,"size7",500,"COLA","mat","AP","ramgb",10.712068,"RAM (GB)"
"99",4e+06,2000,"size7",500,"UNIC","mat","AP","ramgb",1.79824,"RAM (GB)"
"100",4e+06,2000,"size7",500,"COLA","crk","AP","ramgb",41.224448,"RAM (GB)"
"101",4e+06,2000,"size7",500,"COLA","lcc","AP","ramgb",25.961092,"RAM (GB)"
"102",4e+06,2000,"size7",500,"UNIC","lcc","AP","ramgb",2.034928,"RAM (GB)"
"103",10,3,"size1",100,"UNIC","mat","B","ramgb",0.084908,"RAM (GB)"
"104",10,3,"size1",100,"UNIC","lcc","B","ramgb",0.084612,"RAM (GB)"
"105",10,3,"size1",100,"COLA","mat","B","ramgb",0.204608,"RAM (GB)"
"106",10,3,"size1",100,"UNIC","crk","B","ramgb",0.084492,"RAM (GB)"
"107",10,3,"size1",100,"COLA","lcc","B","ramgb",0.208188,"RAM (GB)"
"108",10,3,"size1",100,"COLA","crk","B","ramgb",0.204444,"RAM (GB)"
"109",10,3,"size1",20,"UNIC","lcc","C","ramgb",0.084408,"RAM (GB)"
"110",10,3,"size1",20,"UNIC","mat","C","ramgb",0.084456,"RAM (GB)"
"111",10,3,"size1",20,"UNIC","crk","C","ramgb",0.084488,"RAM (GB)"
"112",10,3,"size1",20,"COLA","lcc","C","ramgb",0.207828,"RAM (GB)"
"113",10,3,"size1",20,"COLA","mat","C","ramgb",0.204228,"RAM (GB)"
"114",10,3,"size1",20,"COLA","crk","C","ramgb",0.20434,"RAM (GB)"
"115",10,3,"size1",200,"UNIC","crk","D","ramgb",0.084828,"RAM (GB)"
"116",10,3,"size1",200,"COLA","mat","D","ramgb",0.2086,"RAM (GB)"
"117",10,3,"size1",200,"COLA","crk","D","ramgb",0.20498,"RAM (GB)"
"118",10,3,"size1",200,"COLA","lcc","D","ramgb",0.210416,"RAM (GB)"
"119",10,3,"size1",200,"UNIC","lcc","D","ramgb",0.084692,"RAM (GB)"
"120",10,3,"size1",200,"UNIC","mat","D","ramgb",0.08522,"RAM (GB)"
"121",10,3,"size1",50,"UNIC","mat","E","ramgb",0.08476,"RAM (GB)"
"122",10,3,"size1",50,"COLA","mat","E","ramgb",0.204148,"RAM (GB)"
"123",10,3,"size1",50,"UNIC","crk","E","ramgb",0.084272,"RAM (GB)"
"124",10,3,"size1",50,"UNIC","lcc","E","ramgb",0.084488,"RAM (GB)"
"125",10,3,"size1",50,"COLA","lcc","E","ramgb",0.207992,"RAM (GB)"
"126",10,3,"size1",50,"COLA","crk","E","ramgb",0.204568,"RAM (GB)"
"127",10,3,"size1",500,"UNIC","mat","F","ramgb",0.086984,"RAM (GB)"
"128",10,3,"size1",500,"UNIC","lcc","F","ramgb",0.08586,"RAM (GB)"
"129",10,3,"size1",500,"COLA","lcc","F","ramgb",0.21998,"RAM (GB)"
"130",10,3,"size1",500,"COLA","mat","F","ramgb",0.22436,"RAM (GB)"
"131",10,3,"size1",500,"UNIC","crk","F","ramgb",0.085756,"RAM (GB)"
"132",10,3,"size1",500,"COLA","crk","F","ramgb",0.20476,"RAM (GB)"
"133",100,10,"size2",10,"COLA","crk","G","ramgb",0.20478,"RAM (GB)"
"134",100,10,"size2",10,"COLA","lcc","G","ramgb",0.208176,"RAM (GB)"
"135",100,10,"size2",10,"UNIC","lcc","G","ramgb",0.0843,"RAM (GB)"
"136",100,10,"size2",10,"UNIC","mat","G","ramgb",0.084456,"RAM (GB)"
"137",100,10,"size2",10,"UNIC","crk","G","ramgb",0.084496,"RAM (GB)"
"138",100,10,"size2",10,"COLA","mat","G","ramgb",0.203756,"RAM (GB)"
"139",100,10,"size2",100,"UNIC","mat","H","ramgb",0.085064,"RAM (GB)"
"140",100,10,"size2",100,"UNIC","crk","H","ramgb",0.084476,"RAM (GB)"
"141",100,10,"size2",100,"UNIC","lcc","H","ramgb",0.084468,"RAM (GB)"
"142",100,10,"size2",100,"COLA","mat","H","ramgb",0.204752,"RAM (GB)"
"143",100,10,"size2",100,"COLA","crk","H","ramgb",0.204532,"RAM (GB)"
"144",100,10,"size2",100,"COLA","lcc","H","ramgb",0.208204,"RAM (GB)"
"145",100,10,"size2",20,"UNIC","mat","I","ramgb",0.084588,"RAM (GB)"
"146",100,10,"size2",20,"UNIC","lcc","I","ramgb",0.084528,"RAM (GB)"
"147",100,10,"size2",20,"COLA","mat","I","ramgb",0.20408,"RAM (GB)"
"148",100,10,"size2",20,"UNIC","crk","I","ramgb",0.084572,"RAM (GB)"
"149",100,10,"size2",20,"COLA","lcc","I","ramgb",0.207784,"RAM (GB)"
"150",100,10,"size2",20,"COLA","crk","I","ramgb",0.204304,"RAM (GB)"
"151",100,10,"size2",200,"COLA","lcc","J","ramgb",0.209836,"RAM (GB)"
"152",100,10,"size2",200,"UNIC","lcc","J","ramgb",0.085076,"RAM (GB)"
"153",100,10,"size2",200,"UNIC","mat","J","ramgb",0.085792,"RAM (GB)"
"154",100,10,"size2",200,"COLA","crk","J","ramgb",0.204632,"RAM (GB)"
"155",100,10,"size2",200,"UNIC","crk","J","ramgb",0.084856,"RAM (GB)"
"156",100,10,"size2",200,"COLA","mat","J","ramgb",0.208636,"RAM (GB)"
"157",100,10,"size2",50,"UNIC","crk","K","ramgb",0.084604,"RAM (GB)"
"158",100,10,"size2",50,"UNIC","mat","K","ramgb",0.084784,"RAM (GB)"
"159",100,10,"size2",50,"COLA","mat","K","ramgb",0.204252,"RAM (GB)"
"160",100,10,"size2",50,"UNIC","lcc","K","ramgb",0.084272,"RAM (GB)"
"161",100,10,"size2",50,"COLA","crk","K","ramgb",0.2047,"RAM (GB)"
"162",100,10,"size2",50,"COLA","lcc","K","ramgb",0.208128,"RAM (GB)"
"163",100,10,"size2",500,"UNIC","mat","L","ramgb",0.087488,"RAM (GB)"
"164",100,10,"size2",500,"UNIC","lcc","L","ramgb",0.08548,"RAM (GB)"
"165",100,10,"size2",500,"COLA","mat","L","ramgb",0.224424,"RAM (GB)"
"166",100,10,"size2",500,"UNIC","crk","L","ramgb",0.085872,"RAM (GB)"
"167",100,10,"size2",500,"COLA","lcc","L","ramgb",0.216188,"RAM (GB)"
"168",100,10,"size2",500,"COLA","crk","L","ramgb",0.205652,"RAM (GB)"
"169",1000,31,"size3",10,"UNIC","lcc","M","ramgb",0.084992,"RAM (GB)"
"170",1000,31,"size3",10,"UNIC","mat","M","ramgb",0.08482,"RAM (GB)"
"171",1000,31,"size3",10,"COLA","lcc","M","ramgb",0.20974,"RAM (GB)"
"172",1000,31,"size3",10,"UNIC","crk","M","ramgb",0.08504,"RAM (GB)"
"173",1000,31,"size3",10,"COLA","crk","M","ramgb",0.205192,"RAM (GB)"
"174",1000,31,"size3",10,"COLA","mat","M","ramgb",0.205196,"RAM (GB)"
"175",1000,31,"size3",100,"UNIC","crk","N","ramgb",0.085364,"RAM (GB)"
"176",1000,31,"size3",100,"COLA","mat","N","ramgb",0.206124,"RAM (GB)"
"177",1000,31,"size3",100,"UNIC","mat","N","ramgb",0.085508,"RAM (GB)"
"178",1000,31,"size3",100,"COLA","crk","N","ramgb",0.206416,"RAM (GB)"
"179",1000,31,"size3",100,"COLA","lcc","N","ramgb",0.210924,"RAM (GB)"
"180",1000,31,"size3",100,"UNIC","lcc","N","ramgb",0.085788,"RAM (GB)"
"181",1000,31,"size3",20,"UNIC","mat","O","ramgb",0.084848,"RAM (GB)"
"182",1000,31,"size3",20,"UNIC","lcc","O","ramgb",0.085192,"RAM (GB)"
"183",1000,31,"size3",20,"COLA","mat","O","ramgb",0.204228,"RAM (GB)"
"184",1000,31,"size3",20,"UNIC","crk","O","ramgb",0.085216,"RAM (GB)"
"185",1000,31,"size3",20,"COLA","lcc","O","ramgb",0.209796,"RAM (GB)"
"186",1000,31,"size3",20,"COLA","crk","O","ramgb",0.205548,"RAM (GB)"
"187",1000,31,"size3",200,"UNIC","lcc","P","ramgb",0.085964,"RAM (GB)"
"188",1000,31,"size3",200,"UNIC","mat","P","ramgb",0.086044,"RAM (GB)"
"189",1000,31,"size3",200,"UNIC","crk","P","ramgb",0.085748,"RAM (GB)"
"190",1000,31,"size3",200,"COLA","lcc","P","ramgb",0.210736,"RAM (GB)"
"191",1000,31,"size3",200,"COLA","mat","P","ramgb",0.210624,"RAM (GB)"
"192",1000,31,"size3",200,"COLA","crk","P","ramgb",0.207444,"RAM (GB)"
"193",1000,31,"size3",50,"UNIC","crk","Q","ramgb",0.085412,"RAM (GB)"
"194",1000,31,"size3",50,"COLA","mat","Q","ramgb",0.205148,"RAM (GB)"
"195",1000,31,"size3",50,"UNIC","mat","Q","ramgb",0.085336,"RAM (GB)"
"196",1000,31,"size3",50,"COLA","lcc","Q","ramgb",0.210304,"RAM (GB)"
"197",1000,31,"size3",50,"UNIC","lcc","Q","ramgb",0.085216,"RAM (GB)"
"198",1000,31,"size3",50,"COLA","crk","Q","ramgb",0.20602,"RAM (GB)"
"199",1000,31,"size3",500,"UNIC","lcc","R","ramgb",0.090904,"RAM (GB)"
"200",1000,31,"size3",500,"UNIC","mat","R","ramgb",0.093124,"RAM (GB)"
"201",1000,31,"size3",500,"COLA","mat","R","ramgb",0.225868,"RAM (GB)"
"202",1000,31,"size3",500,"UNIC","crk","R","ramgb",0.086768,"RAM (GB)"
"203",1000,31,"size3",500,"COLA","lcc","R","ramgb",0.220712,"RAM (GB)"
"204",1000,31,"size3",500,"COLA","crk","R","ramgb",0.21262,"RAM (GB)"
"205",10000,100,"size4",10,"UNIC","crk","S","ramgb",0.088424,"RAM (GB)"
"206",10000,100,"size4",10,"COLA","lcc","S","ramgb",0.23212,"RAM (GB)"
"207",10000,100,"size4",10,"UNIC","mat","S","ramgb",0.088004,"RAM (GB)"
"208",10000,100,"size4",10,"COLA","crk","S","ramgb",0.228772,"RAM (GB)"
"209",10000,100,"size4",10,"COLA","mat","S","ramgb",0.228404,"RAM (GB)"
"210",10000,100,"size4",10,"UNIC","lcc","S","ramgb",0.087896,"RAM (GB)"
"211",10000,100,"size4",100,"UNIC","crk","T","ramgb",0.088528,"RAM (GB)"
"212",10000,100,"size4",100,"UNIC","mat","T","ramgb",0.088524,"RAM (GB)"
"213",10000,100,"size4",100,"COLA","mat","T","ramgb",0.228204,"RAM (GB)"
"214",10000,100,"size4",100,"UNIC","lcc","T","ramgb",0.08902,"RAM (GB)"
"215",10000,100,"size4",100,"COLA","crk","T","ramgb",0.24482,"RAM (GB)"
"216",10000,100,"size4",100,"COLA","lcc","T","ramgb",0.23914,"RAM (GB)"
"217",10000,100,"size4",20,"COLA","mat","U","ramgb",0.228448,"RAM (GB)"
"218",10000,100,"size4",20,"UNIC","crk","U","ramgb",0.08846,"RAM (GB)"
"219",10000,100,"size4",20,"UNIC","lcc","U","ramgb",0.088604,"RAM (GB)"
"220",10000,100,"size4",20,"UNIC","mat","U","ramgb",0.088268,"RAM (GB)"
"221",10000,100,"size4",20,"COLA","lcc","U","ramgb",0.233084,"RAM (GB)"
"222",10000,100,"size4",20,"COLA","crk","U","ramgb",0.230712,"RAM (GB)"
"223",10000,100,"size4",200,"COLA","mat","V","ramgb",0.234076,"RAM (GB)"
"224",10000,100,"size4",200,"UNIC","crk","V","ramgb",0.088776,"RAM (GB)"
"225",10000,100,"size4",200,"UNIC","lcc","V","ramgb",0.0902,"RAM (GB)"
"226",10000,100,"size4",200,"UNIC","mat","V","ramgb",0.089548,"RAM (GB)"
"227",10000,100,"size4",200,"COLA","lcc","V","ramgb",0.248832,"RAM (GB)"
"228",10000,100,"size4",200,"COLA","crk","V","ramgb",0.261928,"RAM (GB)"
"229",10000,100,"size4",50,"COLA","lcc","W","ramgb",0.235468,"RAM (GB)"
"230",10000,100,"size4",50,"UNIC","crk","W","ramgb",0.088612,"RAM (GB)"
"231",10000,100,"size4",50,"COLA","mat","W","ramgb",0.228228,"RAM (GB)"
"232",10000,100,"size4",50,"UNIC","mat","W","ramgb",0.088524,"RAM (GB)"
"233",10000,100,"size4",50,"UNIC","lcc","W","ramgb",0.088192,"RAM (GB)"
"234",10000,100,"size4",50,"COLA","crk","W","ramgb",0.235508,"RAM (GB)"
"235",10000,100,"size4",500,"COLA","lcc","X","ramgb",0.279968,"RAM (GB)"
"236",10000,100,"size4",500,"UNIC","crk","X","ramgb",0.089832,"RAM (GB)"
"237",10000,100,"size4",500,"COLA","mat","X","ramgb",0.2445,"RAM (GB)"
"238",10000,100,"size4",500,"UNIC","mat","X","ramgb",0.09848,"RAM (GB)"
"239",10000,100,"size4",500,"UNIC","lcc","X","ramgb",0.096152,"RAM (GB)"
"240",10000,100,"size4",500,"COLA","crk","X","ramgb",0.315608,"RAM (GB)"
"241",1e+05,316,"size5",10,"COLA","crk","Y","ramgb",0.480512,"RAM (GB)"
"242",1e+05,316,"size5",10,"COLA","lcc","Y","ramgb",0.485168,"RAM (GB)"
"243",1e+05,316,"size5",10,"COLA","mat","Y","ramgb",0.480636,"RAM (GB)"
"244",1e+05,316,"size5",10,"UNIC","crk","Y","ramgb",0.153496,"RAM (GB)"
"245",1e+05,316,"size5",10,"UNIC","lcc","Y","ramgb",0.13036,"RAM (GB)"
"246",1e+05,316,"size5",10,"UNIC","mat","Y","ramgb",0.125516,"RAM (GB)"
"247",1e+05,316,"size5",100,"COLA","crk","Z","ramgb",0.623332,"RAM (GB)"
"248",1e+05,316,"size5",100,"COLA","lcc","Z","ramgb",0.54612,"RAM (GB)"
"249",1e+05,316,"size5",100,"COLA","mat","Z","ramgb",0.480708,"RAM (GB)"
"250",1e+05,316,"size5",100,"UNIC","crk","Z","ramgb",0.15592,"RAM (GB)"
"251",1e+05,316,"size5",100,"UNIC","lcc","Z","ramgb",0.13286,"RAM (GB)"
"252",1e+05,316,"size5",100,"UNIC","mat","Z","ramgb",0.126816,"RAM (GB)"
"253",10,3,"size1",10,"COLA","crk","A","mins",0.00833333333333333,"CPU time (minutes)"
"254",10,3,"size1",10,"COLA","lcc","A","mins",0.00933333333333333,"CPU time (minutes)"
"255",10,3,"size1",10,"COLA","mat","A","mins",0.0085,"CPU time (minutes)"
"256",10,3,"size1",10,"UNIC","crk","A","mins",0.00416666666666667,"CPU time (minutes)"
"257",10,3,"size1",10,"UNIC","lcc","A","mins",0.00483333333333333,"CPU time (minutes)"
"258",10,3,"size1",10,"UNIC","mat","A","mins",0.00583333333333333,"CPU time (minutes)"
"259",1e+05,316,"size5",20,"COLA","crk","AA","mins",0.112333333333333,"CPU time (minutes)"
"260",1e+05,316,"size5",20,"COLA","lcc","AA","mins",0.1155,"CPU time (minutes)"
"261",1e+05,316,"size5",20,"COLA","mat","AA","mins",0.113666666666667,"CPU time (minutes)"
"262",1e+05,316,"size5",20,"UNIC","crk","AA","mins",1.03266666666667,"CPU time (minutes)"
"263",1e+05,316,"size5",20,"UNIC","lcc","AA","mins",0.0715,"CPU time (minutes)"
"264",1e+05,316,"size5",20,"UNIC","mat","AA","mins",0.0691666666666667,"CPU time (minutes)"
"265",1e+05,316,"size5",200,"UNIC","mat","AB","mins",0.370666666666667,"CPU time (minutes)"
"266",1e+05,316,"size5",200,"COLA","lcc","AB","mins",0.162333333333333,"CPU time (minutes)"
"267",1e+05,316,"size5",200,"COLA","crk","AB","mins",0.138,"CPU time (minutes)"
"268",1e+05,316,"size5",200,"UNIC","crk","AB","mins",9.07433333333333,"CPU time (minutes)"
"269",1e+05,316,"size5",200,"COLA","mat","AB","mins",0.135333333333333,"CPU time (minutes)"
"270",1e+05,316,"size5",200,"UNIC","lcc","AB","mins",0.366166666666667,"CPU time (minutes)"
"271",1e+05,316,"size5",50,"UNIC","mat","AC","mins",0.117666666666667,"CPU time (minutes)"
"272",1e+05,316,"size5",50,"COLA","lcc","AC","mins",0.123,"CPU time (minutes)"
"273",1e+05,316,"size5",50,"COLA","crk","AC","mins",0.116833333333333,"CPU time (minutes)"
"274",1e+05,316,"size5",50,"UNIC","crk","AC","mins",2.28433333333333,"CPU time (minutes)"
"275",1e+05,316,"size5",50,"COLA","mat","AC","mins",0.1155,"CPU time (minutes)"
"276",1e+05,316,"size5",50,"UNIC","lcc","AC","mins",0.118666666666667,"CPU time (minutes)"
"277",1e+05,316,"size5",500,"UNIC","mat","AD","mins",1.07183333333333,"CPU time (minutes)"
"278",1e+05,316,"size5",500,"UNIC","lcc","AD","mins",1.051,"CPU time (minutes)"
"279",1e+05,316,"size5",500,"COLA","crk","AD","mins",0.1785,"CPU time (minutes)"
"280",1e+05,316,"size5",500,"COLA","lcc","AD","mins",0.250166666666667,"CPU time (minutes)"
"281",1e+05,316,"size5",500,"COLA","mat","AD","mins",0.174333333333333,"CPU time (minutes)"
"282",1e+05,316,"size5",500,"UNIC","crk","AD","mins",24.1585,"CPU time (minutes)"
"283",1e+06,1000,"size6",10,"UNIC","mat","AE","mins",0.294,"CPU time (minutes)"
"284",1e+06,1000,"size6",10,"UNIC","lcc","AE","mins",0.318333333333333,"CPU time (minutes)"
"285",1e+06,1000,"size6",10,"COLA","crk","AE","mins",1.06916666666667,"CPU time (minutes)"
"286",1e+06,1000,"size6",10,"COLA","lcc","AE","mins",1.08833333333333,"CPU time (minutes)"
"287",1e+06,1000,"size6",10,"COLA","mat","AE","mins",1.06433333333333,"CPU time (minutes)"
"288",1e+06,1000,"size6",10,"UNIC","crk","AE","mins",2.26283333333333,"CPU time (minutes)"
"289",1e+06,1000,"size6",100,"UNIC","lcc","AF","mins",1.15633333333333,"CPU time (minutes)"
"290",1e+06,1000,"size6",100,"UNIC","mat","AF","mins",1.16716666666667,"CPU time (minutes)"
"291",1e+06,1000,"size6",100,"COLA","lcc","AF","mins",1.46883333333333,"CPU time (minutes)"
"292",1e+06,1000,"size6",100,"UNIC","crk","AF","mins",24.7308333333333,"CPU time (minutes)"
"293",1e+06,1000,"size6",100,"COLA","crk","AF","mins",1.26666666666667,"CPU time (minutes)"
"294",1e+06,1000,"size6",100,"COLA","mat","AF","mins",1.25433333333333,"CPU time (minutes)"
"295",1e+06,1000,"size6",20,"COLA","lcc","AG","mins",1.12583333333333,"CPU time (minutes)"
"296",1e+06,1000,"size6",20,"UNIC","crk","AG","mins",5.61083333333333,"CPU time (minutes)"
"297",1e+06,1000,"size6",20,"UNIC","mat","AG","mins",0.4495,"CPU time (minutes)"
"298",1e+06,1000,"size6",20,"COLA","crk","AG","mins",1.08616666666667,"CPU time (minutes)"
"299",1e+06,1000,"size6",20,"UNIC","lcc","AG","mins",0.466166666666667,"CPU time (minutes)"
"300",1e+06,1000,"size6",20,"COLA","mat","AG","mins",1.08466666666667,"CPU time (minutes)"
"301",1e+06,1000,"size6",200,"UNIC","mat","AH","mins",2.08866666666667,"CPU time (minutes)"
"302",1e+06,1000,"size6",200,"UNIC","lcc","AH","mins",2.04883333333333,"CPU time (minutes)"
"303",1e+06,1000,"size6",200,"COLA","mat","AH","mins",1.48833333333333,"CPU time (minutes)"
"304",1e+06,1000,"size6",200,"UNIC","crk","AH","mins",46.327,"CPU time (minutes)"
"305",1e+06,1000,"size6",200,"COLA","crk","AH","mins",1.49833333333333,"CPU time (minutes)"
"306",1e+06,1000,"size6",200,"COLA","lcc","AH","mins",1.93733333333333,"CPU time (minutes)"
"307",1e+06,1000,"size6",50,"UNIC","mat","AI","mins",0.743833333333333,"CPU time (minutes)"
"308",1e+06,1000,"size6",50,"COLA","lcc","AI","mins",1.2585,"CPU time (minutes)"
"309",1e+06,1000,"size6",50,"UNIC","lcc","AI","mins",0.719666666666667,"CPU time (minutes)"
"310",1e+06,1000,"size6",50,"COLA","crk","AI","mins",1.15733333333333,"CPU time (minutes)"
"311",1e+06,1000,"size6",50,"UNIC","crk","AI","mins",11.3428333333333,"CPU time (minutes)"
"312",1e+06,1000,"size6",50,"COLA","mat","AI","mins",1.1505,"CPU time (minutes)"
"313",1e+06,1000,"size6",500,"UNIC","mat","AJ","mins",5.85366666666667,"CPU time (minutes)"
"314",1e+06,1000,"size6",500,"UNIC","crk","AJ","mins",116.432333333333,"CPU time (minutes)"
"315",1e+06,1000,"size6",500,"UNIC","lcc","AJ","mins",5.58833333333333,"CPU time (minutes)"
"316",1e+06,1000,"size6",500,"COLA","mat","AJ","mins",2.14833333333333,"CPU time (minutes)"
"317",1e+06,1000,"size6",500,"COLA","crk","AJ","mins",2.126,"CPU time (minutes)"
"318",1e+06,1000,"size6",500,"COLA","lcc","AJ","mins",3.39133333333333,"CPU time (minutes)"
"319",4e+06,2000,"size7",10,"UNIC","mat","AK","mins",1.2245,"CPU time (minutes)"
"320",4e+06,2000,"size7",10,"UNIC","lcc","AK","mins",1.29766666666667,"CPU time (minutes)"
"321",4e+06,2000,"size7",10,"COLA","mat","AK","mins",4.3425,"CPU time (minutes)"
"322",4e+06,2000,"size7",10,"UNIC","crk","AK","mins",9.52,"CPU time (minutes)"
"323",4e+06,2000,"size7",10,"COLA","lcc","AK","mins",4.36566666666667,"CPU time (minutes)"
"324",4e+06,2000,"size7",10,"COLA","crk","AK","mins",4.30883333333333,"CPU time (minutes)"
"325",4e+06,2000,"size7",100,"COLA","lcc","AL","mins",6.30283333333333,"CPU time (minutes)"
"326",4e+06,2000,"size7",100,"UNIC","lcc","AL","mins",5.08366666666667,"CPU time (minutes)"
"327",4e+06,2000,"size7",100,"UNIC","mat","AL","mins",5.4875,"CPU time (minutes)"
"328",4e+06,2000,"size7",100,"COLA","crk","AL","mins",5.478,"CPU time (minutes)"
"329",4e+06,2000,"size7",100,"UNIC","crk","AL","mins",109.214333333333,"CPU time (minutes)"
"330",4e+06,2000,"size7",100,"COLA","mat","AL","mins",5.2045,"CPU time (minutes)"
"331",4e+06,2000,"size7",20,"UNIC","crk","AM","mins",24.6376666666667,"CPU time (minutes)"
"332",4e+06,2000,"size7",20,"UNIC","mat","AM","mins",1.9885,"CPU time (minutes)"
"333",4e+06,2000,"size7",20,"COLA","mat","AM","mins",4.37766666666667,"CPU time (minutes)"
"334",4e+06,2000,"size7",20,"UNIC","lcc","AM","mins",1.971,"CPU time (minutes)"
"335",4e+06,2000,"size7",20,"COLA","crk","AM","mins",4.54916666666667,"CPU time (minutes)"
"336",4e+06,2000,"size7",20,"COLA","lcc","AM","mins",4.582,"CPU time (minutes)"
"337",4e+06,2000,"size7",200,"UNIC","mat","AN","mins",9.60033333333333,"CPU time (minutes)"
"338",4e+06,2000,"size7",200,"UNIC","lcc","AN","mins",8.93933333333333,"CPU time (minutes)"
"339",4e+06,2000,"size7",200,"COLA","mat","AN","mins",6.2195,"CPU time (minutes)"
"340",4e+06,2000,"size7",200,"UNIC","crk","AN","mins",215.013,"CPU time (minutes)"
"341",4e+06,2000,"size7",200,"COLA","lcc","AN","mins",8.4225,"CPU time (minutes)"
"342",4e+06,2000,"size7",200,"COLA","crk","AN","mins",6.2995,"CPU time (minutes)"
"343",4e+06,2000,"size7",50,"UNIC","lcc","AO","mins",3.1555,"CPU time (minutes)"
"344",4e+06,2000,"size7",50,"UNIC","mat","AO","mins",3.23716666666667,"CPU time (minutes)"
"345",4e+06,2000,"size7",50,"COLA","lcc","AO","mins",5.22066666666667,"CPU time (minutes)"
"346",4e+06,2000,"size7",50,"UNIC","crk","AO","mins",54.4041666666667,"CPU time (minutes)"
"347",4e+06,2000,"size7",50,"COLA","crk","AO","mins",4.71833333333333,"CPU time (minutes)"
"348",4e+06,2000,"size7",50,"COLA","mat","AO","mins",4.7055,"CPU time (minutes)"
"349",4e+06,2000,"size7",500,"UNIC","crk","AP","mins",565.246666666667,"CPU time (minutes)"
"350",4e+06,2000,"size7",500,"COLA","mat","AP","mins",9.33166666666667,"CPU time (minutes)"
"351",4e+06,2000,"size7",500,"UNIC","mat","AP","mins",26.8911666666667,"CPU time (minutes)"
"352",4e+06,2000,"size7",500,"COLA","crk","AP","mins",9.4845,"CPU time (minutes)"
"353",4e+06,2000,"size7",500,"COLA","lcc","AP","mins",15.8505,"CPU time (minutes)"
"354",4e+06,2000,"size7",500,"UNIC","lcc","AP","mins",25.0518333333333,"CPU time (minutes)"
"355",10,3,"size1",100,"UNIC","mat","B","mins",0.00533333333333333,"CPU time (minutes)"
"356",10,3,"size1",100,"UNIC","lcc","B","mins",0.00466666666666667,"CPU time (minutes)"
"357",10,3,"size1",100,"COLA","mat","B","mins",0.00866666666666667,"CPU time (minutes)"
"358",10,3,"size1",100,"UNIC","crk","B","mins",0.00483333333333333,"CPU time (minutes)"
"359",10,3,"size1",100,"COLA","lcc","B","mins",0.009,"CPU time (minutes)"
"360",10,3,"size1",100,"COLA","crk","B","mins",0.00866666666666667,"CPU time (minutes)"
"361",10,3,"size1",20,"UNIC","lcc","C","mins",0.00433333333333333,"CPU time (minutes)"
"362",10,3,"size1",20,"UNIC","mat","C","mins",0.00516666666666667,"CPU time (minutes)"
"363",10,3,"size1",20,"UNIC","crk","C","mins",0.00416666666666667,"CPU time (minutes)"
"364",10,3,"size1",20,"COLA","lcc","C","mins",0.0085,"CPU time (minutes)"
"365",10,3,"size1",20,"COLA","mat","C","mins",0.00833333333333333,"CPU time (minutes)"
"366",10,3,"size1",20,"COLA","crk","C","mins",0.0085,"CPU time (minutes)"
"367",10,3,"size1",200,"UNIC","crk","D","mins",0.00516666666666667,"CPU time (minutes)"
"368",10,3,"size1",200,"COLA","mat","D","mins",0.00883333333333333,"CPU time (minutes)"
"369",10,3,"size1",200,"COLA","crk","D","mins",0.00866666666666667,"CPU time (minutes)"
"370",10,3,"size1",200,"COLA","lcc","D","mins",0.00983333333333333,"CPU time (minutes)"
"371",10,3,"size1",200,"UNIC","lcc","D","mins",0.00466666666666667,"CPU time (minutes)"
"372",10,3,"size1",200,"UNIC","mat","D","mins",0.00616666666666667,"CPU time (minutes)"
"373",10,3,"size1",50,"UNIC","mat","E","mins",0.00533333333333333,"CPU time (minutes)"
"374",10,3,"size1",50,"COLA","mat","E","mins",0.00833333333333333,"CPU time (minutes)"
"375",10,3,"size1",50,"UNIC","crk","E","mins",0.0045,"CPU time (minutes)"
"376",10,3,"size1",50,"UNIC","lcc","E","mins",0.0045,"CPU time (minutes)"
"377",10,3,"size1",50,"COLA","lcc","E","mins",0.009,"CPU time (minutes)"
"378",10,3,"size1",50,"COLA","crk","E","mins",0.00833333333333333,"CPU time (minutes)"
"379",10,3,"size1",500,"UNIC","mat","F","mins",0.0106666666666667,"CPU time (minutes)"
"380",10,3,"size1",500,"UNIC","lcc","F","mins",0.008,"CPU time (minutes)"
"381",10,3,"size1",500,"COLA","lcc","F","mins",0.013,"CPU time (minutes)"
"382",10,3,"size1",500,"COLA","mat","F","mins",0.0103333333333333,"CPU time (minutes)"
"383",10,3,"size1",500,"UNIC","crk","F","mins",0.00783333333333333,"CPU time (minutes)"
"384",10,3,"size1",500,"COLA","crk","F","mins",0.00933333333333333,"CPU time (minutes)"
"385",100,10,"size2",10,"COLA","crk","G","mins",0.00883333333333333,"CPU time (minutes)"
"386",100,10,"size2",10,"COLA","lcc","G","mins",0.009,"CPU time (minutes)"
"387",100,10,"size2",10,"UNIC","lcc","G","mins",0.00433333333333333,"CPU time (minutes)"
"388",100,10,"size2",10,"UNIC","mat","G","mins",0.005,"CPU time (minutes)"
"389",100,10,"size2",10,"UNIC","crk","G","mins",0.0045,"CPU time (minutes)"
"390",100,10,"size2",10,"COLA","mat","G","mins",0.00883333333333333,"CPU time (minutes)"
"391",100,10,"size2",100,"UNIC","mat","H","mins",0.0055,"CPU time (minutes)"
"392",100,10,"size2",100,"UNIC","crk","H","mins",0.00483333333333333,"CPU time (minutes)"
"393",100,10,"size2",100,"UNIC","lcc","H","mins",0.0045,"CPU time (minutes)"
"394",100,10,"size2",100,"COLA","mat","H","mins",0.00883333333333333,"CPU time (minutes)"
"395",100,10,"size2",100,"COLA","crk","H","mins",0.00883333333333333,"CPU time (minutes)"
"396",100,10,"size2",100,"COLA","lcc","H","mins",0.009,"CPU time (minutes)"
"397",100,10,"size2",20,"UNIC","mat","I","mins",0.005,"CPU time (minutes)"
"398",100,10,"size2",20,"UNIC","lcc","I","mins",0.004,"CPU time (minutes)"
"399",100,10,"size2",20,"COLA","mat","I","mins",0.0085,"CPU time (minutes)"
"400",100,10,"size2",20,"UNIC","crk","I","mins",0.00433333333333333,"CPU time (minutes)"
"401",100,10,"size2",20,"COLA","lcc","I","mins",0.009,"CPU time (minutes)"
"402",100,10,"size2",20,"COLA","crk","I","mins",0.00866666666666667,"CPU time (minutes)"
"403",100,10,"size2",200,"COLA","lcc","J","mins",0.00933333333333333,"CPU time (minutes)"
"404",100,10,"size2",200,"UNIC","lcc","J","mins",0.00533333333333333,"CPU time (minutes)"
"405",100,10,"size2",200,"UNIC","mat","J","mins",0.006,"CPU time (minutes)"
"406",100,10,"size2",200,"COLA","crk","J","mins",0.00866666666666667,"CPU time (minutes)"
"407",100,10,"size2",200,"UNIC","crk","J","mins",0.0055,"CPU time (minutes)"
"408",100,10,"size2",200,"COLA","mat","J","mins",0.00933333333333333,"CPU time (minutes)"
"409",100,10,"size2",50,"UNIC","crk","K","mins",0.00466666666666667,"CPU time (minutes)"
"410",100,10,"size2",50,"UNIC","mat","K","mins",0.00516666666666667,"CPU time (minutes)"
"411",100,10,"size2",50,"COLA","mat","K","mins",0.00866666666666667,"CPU time (minutes)"
"412",100,10,"size2",50,"UNIC","lcc","K","mins",0.0045,"CPU time (minutes)"
"413",100,10,"size2",50,"COLA","crk","K","mins",0.009,"CPU time (minutes)"
"414",100,10,"size2",50,"COLA","lcc","K","mins",0.009,"CPU time (minutes)"
"415",100,10,"size2",500,"UNIC","mat","L","mins",0.0103333333333333,"CPU time (minutes)"
"416",100,10,"size2",500,"UNIC","lcc","L","mins",0.00783333333333333,"CPU time (minutes)"
"417",100,10,"size2",500,"COLA","mat","L","mins",0.0105,"CPU time (minutes)"
"418",100,10,"size2",500,"UNIC","crk","L","mins",0.0103333333333333,"CPU time (minutes)"
"419",100,10,"size2",500,"COLA","lcc","L","mins",0.0105,"CPU time (minutes)"
"420",100,10,"size2",500,"COLA","crk","L","mins",0.00966666666666667,"CPU time (minutes)"
"421",1000,31,"size3",10,"UNIC","lcc","M","mins",0.0045,"CPU time (minutes)"
"422",1000,31,"size3",10,"UNIC","mat","M","mins",0.00516666666666667,"CPU time (minutes)"
"423",1000,31,"size3",10,"COLA","lcc","M","mins",0.0103333333333333,"CPU time (minutes)"
"424",1000,31,"size3",10,"UNIC","crk","M","mins",0.00616666666666667,"CPU time (minutes)"
"425",1000,31,"size3",10,"COLA","crk","M","mins",0.0095,"CPU time (minutes)"
"426",1000,31,"size3",10,"COLA","mat","M","mins",0.0095,"CPU time (minutes)"
"427",1000,31,"size3",100,"UNIC","crk","N","mins",0.0225,"CPU time (minutes)"
"428",1000,31,"size3",100,"COLA","mat","N","mins",0.0095,"CPU time (minutes)"
"429",1000,31,"size3",100,"UNIC","mat","N","mins",0.00583333333333333,"CPU time (minutes)"
"430",1000,31,"size3",100,"COLA","crk","N","mins",0.00966666666666667,"CPU time (minutes)"
"431",1000,31,"size3",100,"COLA","lcc","N","mins",0.0101666666666667,"CPU time (minutes)"
"432",1000,31,"size3",100,"UNIC","lcc","N","mins",0.005,"CPU time (minutes)"
"433",1000,31,"size3",20,"UNIC","mat","O","mins",0.0055,"CPU time (minutes)"
"434",1000,31,"size3",20,"UNIC","lcc","O","mins",0.00466666666666667,"CPU time (minutes)"
"435",1000,31,"size3",20,"COLA","mat","O","mins",0.00966666666666667,"CPU time (minutes)"
"436",1000,31,"size3",20,"UNIC","crk","O","mins",0.0085,"CPU time (minutes)"
"437",1000,31,"size3",20,"COLA","lcc","O","mins",0.0105,"CPU time (minutes)"
"438",1000,31,"size3",20,"COLA","crk","O","mins",0.00983333333333333,"CPU time (minutes)"
"439",1000,31,"size3",200,"UNIC","lcc","P","mins",0.00583333333333333,"CPU time (minutes)"
"440",1000,31,"size3",200,"UNIC","mat","P","mins",0.00666666666666667,"CPU time (minutes)"
"441",1000,31,"size3",200,"UNIC","crk","P","mins",0.0381666666666667,"CPU time (minutes)"
"442",1000,31,"size3",200,"COLA","lcc","P","mins",0.0103333333333333,"CPU time (minutes)"
"443",1000,31,"size3",200,"COLA","mat","P","mins",0.0108333333333333,"CPU time (minutes)"
"444",1000,31,"size3",200,"COLA","crk","P","mins",0.0101666666666667,"CPU time (minutes)"
"445",1000,31,"size3",50,"UNIC","crk","Q","mins",0.0131666666666667,"CPU time (minutes)"
"446",1000,31,"size3",50,"COLA","mat","Q","mins",0.00966666666666667,"CPU time (minutes)"
"447",1000,31,"size3",50,"UNIC","mat","Q","mins",0.00533333333333333,"CPU time (minutes)"
"448",1000,31,"size3",50,"COLA","lcc","Q","mins",0.01,"CPU time (minutes)"
"449",1000,31,"size3",50,"UNIC","lcc","Q","mins",0.00483333333333333,"CPU time (minutes)"
"450",1000,31,"size3",50,"COLA","crk","Q","mins",0.00983333333333333,"CPU time (minutes)"
"451",1000,31,"size3",500,"UNIC","lcc","R","mins",0.00983333333333333,"CPU time (minutes)"
"452",1000,31,"size3",500,"UNIC","mat","R","mins",0.0123333333333333,"CPU time (minutes)"
"453",1000,31,"size3",500,"COLA","mat","R","mins",0.0118333333333333,"CPU time (minutes)"
"454",1000,31,"size3",500,"UNIC","crk","R","mins",0.0976666666666667,"CPU time (minutes)"
"455",1000,31,"size3",500,"COLA","lcc","R","mins",0.0125,"CPU time (minutes)"
"456",1000,31,"size3",500,"COLA","crk","R","mins",0.011,"CPU time (minutes)"
"457",10000,100,"size4",10,"UNIC","crk","S","mins",0.0186666666666667,"CPU time (minutes)"
"458",10000,100,"size4",10,"COLA","lcc","S","mins",0.0193333333333333,"CPU time (minutes)"
"459",10000,100,"size4",10,"UNIC","mat","S","mins",0.007,"CPU time (minutes)"
"460",10000,100,"size4",10,"COLA","crk","S","mins",0.019,"CPU time (minutes)"
"461",10000,100,"size4",10,"COLA","mat","S","mins",0.0185,"CPU time (minutes)"
"462",10000,100,"size4",10,"UNIC","lcc","S","mins",0.00683333333333333,"CPU time (minutes)"
"463",10000,100,"size4",100,"UNIC","crk","T","mins",0.144333333333333,"CPU time (minutes)"
"464",10000,100,"size4",100,"UNIC","mat","T","mins",0.0113333333333333,"CPU time (minutes)"
"465",10000,100,"size4",100,"COLA","mat","T","mins",0.0195,"CPU time (minutes)"
"466",10000,100,"size4",100,"UNIC","lcc","T","mins",0.0106666666666667,"CPU time (minutes)"
"467",10000,100,"size4",100,"COLA","crk","T","mins",0.0196666666666667,"CPU time (minutes)"
"468",10000,100,"size4",100,"COLA","lcc","T","mins",0.0215,"CPU time (minutes)"
"469",10000,100,"size4",20,"COLA","mat","U","mins",0.0186666666666667,"CPU time (minutes)"
"470",10000,100,"size4",20,"UNIC","crk","U","mins",0.0378333333333333,"CPU time (minutes)"
"471",10000,100,"size4",20,"UNIC","lcc","U","mins",0.00766666666666667,"CPU time (minutes)"
"472",10000,100,"size4",20,"UNIC","mat","U","mins",0.00816666666666667,"CPU time (minutes)"
"473",10000,100,"size4",20,"COLA","lcc","U","mins",0.0191666666666667,"CPU time (minutes)"
"474",10000,100,"size4",20,"COLA","crk","U","mins",0.0188333333333333,"CPU time (minutes)"
"475",10000,100,"size4",200,"COLA","mat","V","mins",0.0206666666666667,"CPU time (minutes)"
"476",10000,100,"size4",200,"UNIC","crk","V","mins",0.279833333333333,"CPU time (minutes)"
"477",10000,100,"size4",200,"UNIC","lcc","V","mins",0.0143333333333333,"CPU time (minutes)"
"478",10000,100,"size4",200,"UNIC","mat","V","mins",0.015,"CPU time (minutes)"
"479",10000,100,"size4",200,"COLA","lcc","V","mins",0.0243333333333333,"CPU time (minutes)"
"480",10000,100,"size4",200,"COLA","crk","V","mins",0.0213333333333333,"CPU time (minutes)"
"481",10000,100,"size4",50,"COLA","lcc","W","mins",0.0203333333333333,"CPU time (minutes)"
"482",10000,100,"size4",50,"UNIC","crk","W","mins",0.0711666666666667,"CPU time (minutes)"
"483",10000,100,"size4",50,"COLA","mat","W","mins",0.0196666666666667,"CPU time (minutes)"
"484",10000,100,"size4",50,"UNIC","mat","W","mins",0.00966666666666667,"CPU time (minutes)"
"485",10000,100,"size4",50,"UNIC","lcc","W","mins",0.00833333333333333,"CPU time (minutes)"
"486",10000,100,"size4",50,"COLA","crk","W","mins",0.0193333333333333,"CPU time (minutes)"
"487",10000,100,"size4",500,"COLA","lcc","X","mins",0.0333333333333333,"CPU time (minutes)"
"488",10000,100,"size4",500,"UNIC","crk","X","mins",0.761333333333333,"CPU time (minutes)"
"489",10000,100,"size4",500,"COLA","mat","X","mins",0.0265,"CPU time (minutes)"
"490",10000,100,"size4",500,"UNIC","mat","X","mins",0.0365,"CPU time (minutes)"
"491",10000,100,"size4",500,"UNIC","lcc","X","mins",0.0348333333333333,"CPU time (minutes)"
"492",10000,100,"size4",500,"COLA","crk","X","mins",0.0256666666666667,"CPU time (minutes)"
"493",1e+05,316,"size5",10,"COLA","crk","Y","mins",0.110833333333333,"CPU time (minutes)"
"494",1e+05,316,"size5",10,"COLA","lcc","Y","mins",0.113,"CPU time (minutes)"
"495",1e+05,316,"size5",10,"COLA","mat","Y","mins",0.1115,"CPU time (minutes)"
"496",1e+05,316,"size5",10,"UNIC","crk","Y","mins",0.375833333333333,"CPU time (minutes)"
"497",1e+05,316,"size5",10,"UNIC","lcc","Y","mins",0.042,"CPU time (minutes)"
"498",1e+05,316,"size5",10,"UNIC","mat","Y","mins",0.04,"CPU time (minutes)"
"499",1e+05,316,"size5",100,"COLA","crk","Z","mins",0.123333333333333,"CPU time (minutes)"
"500",1e+05,316,"size5",100,"COLA","lcc","Z","mins",0.136333333333333,"CPU time (minutes)"
"501",1e+05,316,"size5",100,"COLA","mat","Z","mins",0.1245,"CPU time (minutes)"
"502",1e+05,316,"size5",100,"UNIC","crk","Z","mins",4.25533333333333,"CPU time (minutes)"
"503",1e+05,316,"size5",100,"UNIC","lcc","Z","mins",0.202333333333333,"CPU time (minutes)"
"504",1e+05,316,"size5",100,"UNIC","mat","Z","mins",0.200833333333333,"CPU time (minutes)"
